x-axis,1,3
second,Volt,Volt
+198.08000E-03,+224.99990E-03,+18.74995E-03
+198.10000E-03,+224.99990E-03,+18.74995E-03
+198.12000E-03,+162.49990E-03,+49.99995E-03
+198.14000E-03,+162.49990E-03,+18.74995E-03
+198.16000E-03,+224.99990E-03,+18.74995E-03
+198.18000E-03,+224.99990E-03,-12.50005E-03
+198.20000E-03,+287.49990E-03,+18.74995E-03
+198.22000E-03,+224.99990E-03,+49.99995E-03
+198.24000E-03,+162.49990E-03,+18.74995E-03
+198.26000E-03,+224.99990E-03,+81.24995E-03
+198.28000E-03,+287.49990E-03,+18.74995E-03
+198.30000E-03,+224.99990E-03,+49.99995E-03
+198.32000E-03,+224.99990E-03,+18.74995E-03
+198.34000E-03,+224.99990E-03,+18.74995E-03
+198.36000E-03,+224.99990E-03,+49.99995E-03
+198.38000E-03,+162.49990E-03,+18.74995E-03
+198.40000E-03,+162.49990E-03,+18.74995E-03
+198.42000E-03,+162.49990E-03,+18.74995E-03
+198.44000E-03,+287.49990E-03,+49.99995E-03
+198.46000E-03,+287.49990E-03,+18.74995E-03
+198.48000E-03,+99.99990E-03,+49.99995E-03
+198.50000E-03,+162.49990E-03,+18.74995E-03
+198.52000E-03,+99.99990E-03,+18.74995E-03
+198.54000E-03,+224.99990E-03,+18.74995E-03
+198.56000E-03,+224.99990E-03,+18.74995E-03
+198.58000E-03,+224.99990E-03,+18.74995E-03
+198.60000E-03,+162.49990E-03,+49.99995E-03
+198.62000E-03,+224.99990E-03,+49.99995E-03
+198.64000E-03,+224.99990E-03,+18.74995E-03
+198.66000E-03,+162.49990E-03,+18.74995E-03
+198.68000E-03,+224.99990E-03,+18.74995E-03
+198.70000E-03,+224.99990E-03,+18.74995E-03
+198.72000E-03,+224.99990E-03,+49.99995E-03
+198.74000E-03,+162.49990E-03,+49.99995E-03
+198.76000E-03,+224.99990E-03,+81.24995E-03
+198.78000E-03,+162.49990E-03,+49.99995E-03
+198.80000E-03,+162.49990E-03,+18.74995E-03
+198.82000E-03,+224.99990E-03,-12.50005E-03
+198.84000E-03,+224.99990E-03,+49.99995E-03
+198.86000E-03,+162.49990E-03,+18.74995E-03
+198.88000E-03,+224.99990E-03,+18.74995E-03
+198.90000E-03,+224.99990E-03,+49.99995E-03
+198.92000E-03,+287.49990E-03,+49.99995E-03
+198.94000E-03,+287.49990E-03,+49.99995E-03
+198.96000E-03,+224.99990E-03,+49.99995E-03
+198.98000E-03,+224.99990E-03,+18.74995E-03
+199.00000E-03,+162.49990E-03,+18.74995E-03
+199.02000E-03,+99.99990E-03,+49.99995E-03
+199.04000E-03,+162.49990E-03,+49.99995E-03
+199.06000E-03,+99.99990E-03,+49.99995E-03
+199.08000E-03,+224.99990E-03,+49.99995E-03
+199.10000E-03,+224.99990E-03,+18.74995E-03
+199.12000E-03,+99.99990E-03,+49.99995E-03
+199.14000E-03,+224.99990E-03,+18.74995E-03
+199.16000E-03,+162.49990E-03,+49.99995E-03
+199.18000E-03,+287.49990E-03,+18.74995E-03
+199.20000E-03,+224.99990E-03,+49.99995E-03
+199.22000E-03,+162.49990E-03,-12.50005E-03
+199.24000E-03,+162.49990E-03,+18.74995E-03
+199.26000E-03,+224.99990E-03,+18.74995E-03
+199.28000E-03,+99.99990E-03,+18.74995E-03
+199.30000E-03,+224.99990E-03,+49.99995E-03
+199.32000E-03,+162.49990E-03,+18.74995E-03
+199.34000E-03,+162.49990E-03,+49.99995E-03
+199.36000E-03,+162.49990E-03,+18.74995E-03
+199.38000E-03,+224.99990E-03,+18.74995E-03
+199.40000E-03,+162.49990E-03,+49.99995E-03
+199.42000E-03,+224.99990E-03,+49.99995E-03
+199.44000E-03,+162.49990E-03,+49.99995E-03
+199.46000E-03,+162.49990E-03,+49.99995E-03
+199.48000E-03,+224.99990E-03,+49.99995E-03
+199.50000E-03,+162.49990E-03,+49.99995E-03
+199.52000E-03,+224.99990E-03,+18.74995E-03
+199.54000E-03,+224.99990E-03,+49.99995E-03
+199.56000E-03,+162.49990E-03,+18.74995E-03
+199.58000E-03,+224.99990E-03,+18.74995E-03
+199.60000E-03,+224.99990E-03,+49.99995E-03
+199.62000E-03,+162.49990E-03,+18.74995E-03
+199.64000E-03,+287.49990E-03,+18.74995E-03
+199.66000E-03,+99.99990E-03,+18.74995E-03
+199.68000E-03,+99.99990E-03,+18.74995E-03
+199.70000E-03,+162.49990E-03,+18.74995E-03
+199.72000E-03,+224.99990E-03,+18.74995E-03
+199.74000E-03,+224.99990E-03,+49.99995E-03
+199.76000E-03,+162.49990E-03,+18.74995E-03
+199.78000E-03,+224.99990E-03,+18.74995E-03
+199.80000E-03,+224.99990E-03,+49.99995E-03
+199.82000E-03,+99.99990E-03,+49.99995E-03
+199.84000E-03,+162.49990E-03,+49.99995E-03
+199.86000E-03,+224.99990E-03,+49.99995E-03
+199.88000E-03,+162.49990E-03,+18.74995E-03
+199.90000E-03,+162.49990E-03,+49.99995E-03
+199.92000E-03,+162.49990E-03,+49.99995E-03
+199.94000E-03,+224.99990E-03,+49.99995E-03
+199.96000E-03,+287.49990E-03,-12.50005E-03
+199.98000E-03,+162.49990E-03,+49.99995E-03
+200.00000E-03,+224.99990E-03,+18.74995E-03
+200.02000E-03,+37.49990E-03,+49.99995E-03
+200.04000E-03,+2.53749990E+00,+49.99995E-03
+200.06000E-03,+2.78749990E+00,+18.74995E-03
+200.08000E-03,+2.78749990E+00,+18.74995E-03
+200.10000E-03,+2.66249990E+00,+18.74995E-03
+200.12000E-03,+2.66249990E+00,+18.74995E-03
+200.14000E-03,+2.72499990E+00,+18.74995E-03
+200.16000E-03,+2.66249990E+00,+18.74995E-03
+200.18000E-03,+2.66249990E+00,-12.50005E-03
+200.20000E-03,+2.66249990E+00,+18.74995E-03
+200.22000E-03,+2.59999990E+00,+49.99995E-03
+200.24000E-03,+2.59999990E+00,+18.74995E-03
+200.26000E-03,+2.66249990E+00,+49.99995E-03
+200.28000E-03,+2.59999990E+00,+18.74995E-03
+200.30000E-03,+2.59999990E+00,+18.74995E-03
+200.32000E-03,+2.53749990E+00,+49.99995E-03
+200.34000E-03,+2.66249990E+00,+18.74995E-03
+200.36000E-03,+2.59999990E+00,+49.99995E-03
+200.38000E-03,+2.59999990E+00,+49.99995E-03
+200.40000E-03,+2.59999990E+00,+49.99995E-03
+200.42000E-03,+2.66249990E+00,+49.99995E-03
+200.44000E-03,+2.59999990E+00,+49.99995E-03
+200.46000E-03,+2.47499990E+00,+81.24995E-03
+200.48000E-03,+2.53749990E+00,+18.74995E-03
+200.50000E-03,+2.47499990E+00,+49.99995E-03
+200.52000E-03,+2.53749990E+00,+49.99995E-03
+200.54000E-03,+2.47499990E+00,+18.74995E-03
+200.56000E-03,+2.47499990E+00,+18.74995E-03
+200.58000E-03,+2.59999990E+00,+49.99995E-03
+200.60000E-03,+2.47499990E+00,+18.74995E-03
+200.62000E-03,+2.47499990E+00,+49.99995E-03
+200.64000E-03,+2.41249990E+00,+18.74995E-03
+200.66000E-03,+2.41249990E+00,+18.74995E-03
+200.68000E-03,+2.53749990E+00,+49.99995E-03
+200.70000E-03,+2.34999990E+00,+49.99995E-03
+200.72000E-03,+2.47499990E+00,+18.74995E-03
+200.74000E-03,+2.53749990E+00,+18.74995E-03
+200.76000E-03,+2.47499990E+00,+18.74995E-03
+200.78000E-03,+2.47499990E+00,+49.99995E-03
+200.80000E-03,+2.41249990E+00,+49.99995E-03
+200.82000E-03,+2.28749990E+00,+49.99995E-03
+200.84000E-03,+2.34999990E+00,+49.99995E-03
+200.86000E-03,+2.28749990E+00,+49.99995E-03
+200.88000E-03,+2.28749990E+00,+81.24995E-03
+200.90000E-03,+2.34999990E+00,+49.99995E-03
+200.92000E-03,+2.34999990E+00,+18.74995E-03
+200.94000E-03,+2.34999990E+00,+18.74995E-03
+200.96000E-03,+2.28749990E+00,+18.74995E-03
+200.98000E-03,+2.28749990E+00,+49.99995E-03
+201.00000E-03,+2.34999990E+00,+49.99995E-03
+201.02000E-03,+2.28749990E+00,+49.99995E-03
+201.04000E-03,+2.28749990E+00,+18.74995E-03
+201.06000E-03,+2.28749990E+00,+49.99995E-03
+201.08000E-03,+2.28749990E+00,+18.74995E-03
+201.10000E-03,+2.28749990E+00,+49.99995E-03
+201.12000E-03,+2.22499990E+00,+49.99995E-03
+201.14000E-03,+2.16249990E+00,+49.99995E-03
+201.16000E-03,+2.22499990E+00,+49.99995E-03
+201.18000E-03,+2.28749990E+00,+49.99995E-03
+201.20000E-03,+2.22499990E+00,+18.74995E-03
+201.22000E-03,+2.22499990E+00,+18.74995E-03
+201.24000E-03,+2.16249990E+00,+49.99995E-03
+201.26000E-03,+2.28749990E+00,+49.99995E-03
+201.28000E-03,+2.16249990E+00,+18.74995E-03
+201.30000E-03,+2.16249990E+00,+49.99995E-03
+201.32000E-03,+2.09999990E+00,+49.99995E-03
+201.34000E-03,+2.09999990E+00,+18.74995E-03
+201.36000E-03,+2.09999990E+00,+18.74995E-03
+201.38000E-03,+2.09999990E+00,+18.74995E-03
+201.40000E-03,+2.03749990E+00,+18.74995E-03
+201.42000E-03,+2.09999990E+00,+18.74995E-03
+201.44000E-03,+2.09999990E+00,+18.74995E-03
+201.46000E-03,+2.09999990E+00,+18.74995E-03
+201.48000E-03,+2.03749990E+00,+49.99995E-03
+201.50000E-03,+2.09999990E+00,+18.74995E-03
+201.52000E-03,+2.16249990E+00,+49.99995E-03
+201.54000E-03,+2.03749990E+00,+18.74995E-03
+201.56000E-03,+2.03749990E+00,-12.50005E-03
+201.58000E-03,+2.03749990E+00,+18.74995E-03
+201.60000E-03,+2.09999990E+00,+18.74995E-03
+201.62000E-03,+2.03749990E+00,+18.74995E-03
+201.64000E-03,+1.91249990E+00,-12.50005E-03
+201.66000E-03,+1.91249990E+00,+18.74995E-03
+201.68000E-03,+2.03749990E+00,+18.74995E-03
+201.70000E-03,+1.91249990E+00,+49.99995E-03
+201.72000E-03,+2.03749990E+00,+49.99995E-03
+201.74000E-03,+1.97499990E+00,+18.74995E-03
+201.76000E-03,+1.91249990E+00,+18.74995E-03
+201.78000E-03,+1.91249990E+00,+49.99995E-03
+201.80000E-03,+1.91249990E+00,+18.74995E-03
+201.82000E-03,+1.84999990E+00,+18.74995E-03
+201.84000E-03,+1.84999990E+00,+18.74995E-03
+201.86000E-03,+1.91249990E+00,+49.99995E-03
+201.88000E-03,+1.78749990E+00,+18.74995E-03
+201.90000E-03,+1.84999990E+00,-12.50005E-03
+201.92000E-03,+1.91249990E+00,+49.99995E-03
+201.94000E-03,+1.84999990E+00,+18.74995E-03
+201.96000E-03,+1.91249990E+00,+18.74995E-03
+201.98000E-03,+1.91249990E+00,+18.74995E-03
+202.00000E-03,+1.84999990E+00,+49.99995E-03
+202.02000E-03,+1.91249990E+00,+49.99995E-03
+202.04000E-03,+1.78749990E+00,+49.99995E-03
+202.06000E-03,+1.84999990E+00,+49.99995E-03
+202.08000E-03,+1.78749990E+00,+18.74995E-03
+202.10000E-03,+1.78749990E+00,+49.99995E-03
+202.12000E-03,+1.84999990E+00,+49.99995E-03
+202.14000E-03,+1.78749990E+00,+49.99995E-03
+202.16000E-03,+1.78749990E+00,+49.99995E-03
+202.18000E-03,+1.78749990E+00,+18.74995E-03
+202.20000E-03,+1.91249990E+00,+49.99995E-03
+202.22000E-03,+1.78749990E+00,+18.74995E-03
+202.24000E-03,+1.78749990E+00,+18.74995E-03
+202.26000E-03,+1.78749990E+00,+18.74995E-03
+202.28000E-03,+1.66249990E+00,+18.74995E-03
+202.30000E-03,+1.72499990E+00,+18.74995E-03
+202.32000E-03,+1.72499990E+00,+18.74995E-03
+202.34000E-03,+1.66249990E+00,+49.99995E-03
+202.36000E-03,+1.66249990E+00,+49.99995E-03
+202.38000E-03,+1.59999990E+00,+18.74995E-03
+202.40000E-03,+1.72499990E+00,+18.74995E-03
+202.42000E-03,+1.66249990E+00,+49.99995E-03
+202.44000E-03,+1.66249990E+00,+49.99995E-03
+202.46000E-03,+1.72499990E+00,+18.74995E-03
+202.48000E-03,+1.59999990E+00,+49.99995E-03
+202.50000E-03,+1.59999990E+00,+18.74995E-03
+202.52000E-03,+1.66249990E+00,+18.74995E-03
+202.54000E-03,+1.59999990E+00,+49.99995E-03
+202.56000E-03,+1.66249990E+00,+49.99995E-03
+202.58000E-03,+1.59999990E+00,+49.99995E-03
+202.60000E-03,+1.59999990E+00,+49.99995E-03
+202.62000E-03,+1.53749990E+00,+49.99995E-03
+202.64000E-03,+1.66249990E+00,+18.74995E-03
+202.66000E-03,+1.59999990E+00,+49.99995E-03
+202.68000E-03,+1.66249990E+00,-12.50005E-03
+202.70000E-03,+1.53749990E+00,+49.99995E-03
+202.72000E-03,+1.47499990E+00,+18.74995E-03
+202.74000E-03,+1.47499990E+00,+18.74995E-03
+202.76000E-03,+1.53749990E+00,+18.74995E-03
+202.78000E-03,+1.53749990E+00,+18.74995E-03
+202.80000E-03,+1.53749990E+00,+18.74995E-03
+202.82000E-03,+1.47499990E+00,+49.99995E-03
+202.84000E-03,+1.53749990E+00,+18.74995E-03
+202.86000E-03,+1.53749990E+00,+18.74995E-03
+202.88000E-03,+1.53749990E+00,+49.99995E-03
+202.90000E-03,+1.41249990E+00,+18.74995E-03
+202.92000E-03,+1.41249990E+00,+18.74995E-03
+202.94000E-03,+1.41249990E+00,+18.74995E-03
+202.96000E-03,+1.47499990E+00,+49.99995E-03
+202.98000E-03,+1.34999990E+00,+49.99995E-03
+203.00000E-03,+1.41249990E+00,+18.74995E-03
+203.02000E-03,+1.41249990E+00,+18.74995E-03
+203.04000E-03,+1.34999990E+00,+49.99995E-03
+203.06000E-03,+1.34999990E+00,+18.74995E-03
+203.08000E-03,+1.41249990E+00,+18.74995E-03
+203.10000E-03,+1.41249990E+00,-12.50005E-03
+203.12000E-03,+1.41249990E+00,-12.50005E-03
+203.14000E-03,+1.41249990E+00,+81.24995E-03
+203.16000E-03,+1.34999990E+00,+18.74995E-03
+203.18000E-03,+1.41249990E+00,+49.99995E-03
+203.20000E-03,+1.41249990E+00,+18.74995E-03
+203.22000E-03,+1.34999990E+00,+18.74995E-03
+203.24000E-03,+1.34999990E+00,+18.74995E-03
+203.26000E-03,+1.34999990E+00,+18.74995E-03
+203.28000E-03,+1.41249990E+00,+18.74995E-03
+203.30000E-03,+1.28749990E+00,+18.74995E-03
+203.32000E-03,+1.34999990E+00,+18.74995E-03
+203.34000E-03,+1.34999990E+00,+18.74995E-03
+203.36000E-03,+1.28749990E+00,+49.99995E-03
+203.38000E-03,+1.41249990E+00,+49.99995E-03
+203.40000E-03,+1.34999990E+00,+18.74995E-03
+203.42000E-03,+1.22499990E+00,+49.99995E-03
+203.44000E-03,+1.34999990E+00,+18.74995E-03
+203.46000E-03,+1.28749990E+00,+49.99995E-03
+203.48000E-03,+1.34999990E+00,+18.74995E-03
+203.50000E-03,+1.22499990E+00,+18.74995E-03
+203.52000E-03,+1.28749990E+00,+18.74995E-03
+203.54000E-03,+1.22499990E+00,-12.50005E-03
+203.56000E-03,+1.28749990E+00,+18.74995E-03
+203.58000E-03,+1.22499990E+00,+18.74995E-03
+203.60000E-03,+1.22499990E+00,+18.74995E-03
+203.62000E-03,+1.22499990E+00,+18.74995E-03
+203.64000E-03,+1.16249990E+00,+18.74995E-03
+203.66000E-03,+1.28749990E+00,+18.74995E-03
+203.68000E-03,+1.22499990E+00,+18.74995E-03
+203.70000E-03,+1.22499990E+00,+49.99995E-03
+203.72000E-03,+1.16249990E+00,+49.99995E-03
+203.74000E-03,+1.22499990E+00,+18.74995E-03
+203.76000E-03,+1.16249990E+00,+49.99995E-03
+203.78000E-03,+1.16249990E+00,+49.99995E-03
+203.80000E-03,+1.09999990E+00,+18.74995E-03
+203.82000E-03,+1.16249990E+00,+49.99995E-03
+203.84000E-03,+1.16249990E+00,+18.74995E-03
+203.86000E-03,+1.16249990E+00,+18.74995E-03
+203.88000E-03,+1.16249990E+00,+18.74995E-03
+203.90000E-03,+1.16249990E+00,+18.74995E-03
+203.92000E-03,+1.22499990E+00,+18.74995E-03
+203.94000E-03,+1.16249990E+00,+18.74995E-03
+203.96000E-03,+1.09999990E+00,+18.74995E-03
+203.98000E-03,+1.16249990E+00,+18.74995E-03
+204.00000E-03,+1.09999990E+00,+18.74995E-03
+204.02000E-03,+1.09999990E+00,+18.74995E-03
+204.04000E-03,+1.03749990E+00,+18.74995E-03
+204.06000E-03,+974.99990E-03,+49.99995E-03
+204.08000E-03,+1.16249990E+00,+18.74995E-03
+204.10000E-03,+1.09999990E+00,-12.50005E-03
+204.12000E-03,+1.03749990E+00,+49.99995E-03
+204.14000E-03,+1.03749990E+00,+18.74995E-03
+204.16000E-03,+1.03749990E+00,+18.74995E-03
+204.18000E-03,+1.03749990E+00,+18.74995E-03
+204.20000E-03,+912.49990E-03,+18.74995E-03
+204.22000E-03,+1.03749990E+00,+49.99995E-03
+204.24000E-03,+1.09999990E+00,+18.74995E-03
+204.26000E-03,+1.09999990E+00,+18.74995E-03
+204.28000E-03,+1.03749990E+00,+18.74995E-03
+204.30000E-03,+974.99990E-03,+18.74995E-03
+204.32000E-03,+974.99990E-03,-12.50005E-03
+204.34000E-03,+974.99990E-03,+49.99995E-03
+204.36000E-03,+1.03749990E+00,+18.74995E-03
+204.38000E-03,+974.99990E-03,+18.74995E-03
+204.40000E-03,+1.03749990E+00,+18.74995E-03
+204.42000E-03,+974.99990E-03,+18.74995E-03
+204.44000E-03,+974.99990E-03,+49.99995E-03
+204.46000E-03,+974.99990E-03,+18.74995E-03
+204.48000E-03,+912.49990E-03,+18.74995E-03
+204.50000E-03,+974.99990E-03,+18.74995E-03
+204.52000E-03,+912.49990E-03,+18.74995E-03
+204.54000E-03,+974.99990E-03,+18.74995E-03
+204.56000E-03,+974.99990E-03,+49.99995E-03
+204.58000E-03,+912.49990E-03,+18.74995E-03
+204.60000E-03,+1.03749990E+00,+18.74995E-03
+204.62000E-03,+912.49990E-03,+18.74995E-03
+204.64000E-03,+912.49990E-03,+49.99995E-03
+204.66000E-03,+974.99990E-03,+18.74995E-03
+204.68000E-03,+912.49990E-03,+18.74995E-03
+204.70000E-03,+849.99990E-03,+18.74995E-03
+204.72000E-03,+912.49990E-03,+18.74995E-03
+204.74000E-03,+974.99990E-03,+18.74995E-03
+204.76000E-03,+912.49990E-03,+49.99995E-03
+204.78000E-03,+912.49990E-03,+18.74995E-03
+204.80000E-03,+912.49990E-03,+18.74995E-03
+204.82000E-03,+849.99990E-03,+18.74995E-03
+204.84000E-03,+849.99990E-03,+49.99995E-03
+204.86000E-03,+912.49990E-03,+49.99995E-03
+204.88000E-03,+849.99990E-03,+18.74995E-03
+204.90000E-03,+912.49990E-03,+18.74995E-03
+204.92000E-03,+849.99990E-03,+18.74995E-03
+204.94000E-03,+849.99990E-03,+18.74995E-03
+204.96000E-03,+849.99990E-03,+18.74995E-03
+204.98000E-03,+849.99990E-03,+18.74995E-03
+205.00000E-03,+912.49990E-03,+49.99995E-03
+205.02000E-03,+849.99990E-03,+49.99995E-03
+205.04000E-03,+912.49990E-03,+18.74995E-03
+205.06000E-03,+787.49990E-03,+18.74995E-03
+205.08000E-03,+787.49990E-03,+18.74995E-03
+205.10000E-03,+787.49990E-03,+49.99995E-03
+205.12000E-03,+849.99990E-03,+49.99995E-03
+205.14000E-03,+787.49990E-03,+81.24995E-03
+205.16000E-03,+724.99990E-03,+18.74995E-03
+205.18000E-03,+787.49990E-03,+18.74995E-03
+205.20000E-03,+787.49990E-03,+18.74995E-03
+205.22000E-03,+787.49990E-03,+18.74995E-03
+205.24000E-03,+849.99990E-03,+49.99995E-03
+205.26000E-03,+787.49990E-03,+49.99995E-03
+205.28000E-03,+724.99990E-03,+18.74995E-03
+205.30000E-03,+787.49990E-03,+18.74995E-03
+205.32000E-03,+662.49990E-03,+18.74995E-03
+205.34000E-03,+724.99990E-03,+49.99995E-03
+205.36000E-03,+787.49990E-03,+18.74995E-03
+205.38000E-03,+787.49990E-03,+18.74995E-03
+205.40000E-03,+849.99990E-03,+18.74995E-03
+205.42000E-03,+724.99990E-03,+18.74995E-03
+205.44000E-03,+787.49990E-03,+49.99995E-03
+205.46000E-03,+724.99990E-03,+18.74995E-03
+205.48000E-03,+787.49990E-03,+81.24995E-03
+205.50000E-03,+724.99990E-03,+49.99995E-03
+205.52000E-03,+724.99990E-03,+18.74995E-03
+205.54000E-03,+724.99990E-03,+49.99995E-03
+205.56000E-03,+787.49990E-03,+18.74995E-03
+205.58000E-03,+662.49990E-03,+49.99995E-03
+205.60000E-03,+787.49990E-03,+18.74995E-03
+205.62000E-03,+724.99990E-03,+18.74995E-03
+205.64000E-03,+787.49990E-03,+18.74995E-03
+205.66000E-03,+787.49990E-03,+18.74995E-03
+205.68000E-03,+662.49990E-03,+18.74995E-03
+205.70000E-03,+662.49990E-03,+49.99995E-03
+205.72000E-03,+662.49990E-03,+49.99995E-03
+205.74000E-03,+662.49990E-03,+49.99995E-03
+205.76000E-03,+662.49990E-03,+18.74995E-03
+205.78000E-03,+662.49990E-03,+18.74995E-03
+205.80000E-03,+724.99990E-03,+49.99995E-03
+205.82000E-03,+787.49990E-03,+49.99995E-03
+205.84000E-03,+724.99990E-03,+49.99995E-03
+205.86000E-03,+662.49990E-03,+49.99995E-03
+205.88000E-03,+662.49990E-03,+18.74995E-03
+205.90000E-03,+724.99990E-03,+49.99995E-03
+205.92000E-03,+662.49990E-03,+49.99995E-03
+205.94000E-03,+662.49990E-03,+49.99995E-03
+205.96000E-03,+599.99990E-03,+18.74995E-03
+205.98000E-03,+599.99990E-03,+18.74995E-03
+206.00000E-03,+662.49990E-03,+18.74995E-03
+206.02000E-03,+662.49990E-03,+49.99995E-03
+206.04000E-03,+662.49990E-03,+18.74995E-03
+206.06000E-03,+724.99990E-03,+18.74995E-03
+206.08000E-03,+537.49990E-03,+18.74995E-03
+206.10000E-03,+537.49990E-03,+18.74995E-03
+206.12000E-03,+599.99990E-03,+49.99995E-03
+206.14000E-03,+662.49990E-03,+18.74995E-03
+206.16000E-03,+599.99990E-03,+18.74995E-03
+206.18000E-03,+599.99990E-03,+49.99995E-03
+206.20000E-03,+537.49990E-03,+49.99995E-03
+206.22000E-03,+537.49990E-03,+18.74995E-03
+206.24000E-03,+599.99990E-03,+18.74995E-03
+206.26000E-03,+599.99990E-03,+18.74995E-03
+206.28000E-03,+537.49990E-03,+18.74995E-03
+206.30000E-03,+599.99990E-03,+18.74995E-03
+206.32000E-03,+599.99990E-03,+18.74995E-03
+206.34000E-03,+537.49990E-03,+49.99995E-03
+206.36000E-03,+662.49990E-03,+18.74995E-03
+206.38000E-03,+599.99990E-03,+49.99995E-03
+206.40000E-03,+537.49990E-03,+18.74995E-03
+206.42000E-03,+662.49990E-03,+18.74995E-03
+206.44000E-03,+537.49990E-03,+49.99995E-03
+206.46000E-03,+537.49990E-03,+49.99995E-03
+206.48000E-03,+599.99990E-03,+18.74995E-03
+206.50000E-03,+537.49990E-03,+18.74995E-03
+206.52000E-03,+537.49990E-03,+18.74995E-03
+206.54000E-03,+599.99990E-03,+18.74995E-03
+206.56000E-03,+599.99990E-03,+18.74995E-03
+206.58000E-03,+599.99990E-03,+18.74995E-03
+206.60000E-03,+599.99990E-03,+18.74995E-03
+206.62000E-03,+599.99990E-03,+18.74995E-03
+206.64000E-03,+537.49990E-03,-12.50005E-03
+206.66000E-03,+537.49990E-03,+18.74995E-03
+206.68000E-03,+599.99990E-03,+18.74995E-03
+206.70000E-03,+537.49990E-03,+18.74995E-03
+206.72000E-03,+537.49990E-03,+18.74995E-03
+206.74000E-03,+537.49990E-03,+18.74995E-03
+206.76000E-03,+537.49990E-03,+49.99995E-03
+206.78000E-03,+474.99990E-03,+49.99995E-03
+206.80000E-03,+599.99990E-03,+49.99995E-03
+206.82000E-03,+537.49990E-03,+18.74995E-03
+206.84000E-03,+599.99990E-03,+18.74995E-03
+206.86000E-03,+537.49990E-03,+18.74995E-03
+206.88000E-03,+474.99990E-03,+18.74995E-03
+206.90000E-03,+537.49990E-03,+18.74995E-03
+206.92000E-03,+474.99990E-03,-12.50005E-03
+206.94000E-03,+537.49990E-03,+18.74995E-03
+206.96000E-03,+537.49990E-03,+18.74995E-03
+206.98000E-03,+537.49990E-03,+49.99995E-03
+207.00000E-03,+537.49990E-03,+18.74995E-03
+207.02000E-03,+412.49990E-03,+18.74995E-03
+207.04000E-03,+474.99990E-03,+81.24995E-03
+207.06000E-03,+474.99990E-03,+49.99995E-03
+207.08000E-03,+412.49990E-03,+18.74995E-03
+207.10000E-03,+474.99990E-03,+18.74995E-03
+207.12000E-03,+412.49990E-03,+18.74995E-03
+207.14000E-03,+412.49990E-03,+18.74995E-03
+207.16000E-03,+474.99990E-03,+18.74995E-03
+207.18000E-03,+474.99990E-03,+49.99995E-03
+207.20000E-03,+474.99990E-03,+18.74995E-03
+207.22000E-03,+412.49990E-03,+49.99995E-03
+207.24000E-03,+412.49990E-03,+49.99995E-03
+207.26000E-03,+599.99990E-03,+18.74995E-03
+207.28000E-03,+474.99990E-03,+49.99995E-03
+207.30000E-03,+474.99990E-03,+49.99995E-03
+207.32000E-03,+412.49990E-03,+18.74995E-03
+207.34000E-03,+474.99990E-03,+18.74995E-03
+207.36000E-03,+537.49990E-03,+18.74995E-03
+207.38000E-03,+474.99990E-03,+18.74995E-03
+207.40000E-03,+474.99990E-03,+18.74995E-03
+207.42000E-03,+474.99990E-03,+18.74995E-03
+207.44000E-03,+412.49990E-03,+18.74995E-03
+207.46000E-03,+349.99990E-03,+49.99995E-03
+207.48000E-03,+412.49990E-03,+18.74995E-03
+207.50000E-03,+412.49990E-03,+18.74995E-03
+207.52000E-03,+412.49990E-03,+18.74995E-03
+207.54000E-03,+412.49990E-03,+18.74995E-03
+207.56000E-03,+412.49990E-03,+18.74995E-03
+207.58000E-03,+412.49990E-03,+18.74995E-03
+207.60000E-03,+537.49990E-03,+49.99995E-03
+207.62000E-03,+474.99990E-03,+18.74995E-03
+207.64000E-03,+537.49990E-03,+18.74995E-03
+207.66000E-03,+412.49990E-03,+18.74995E-03
+207.68000E-03,+287.49990E-03,+18.74995E-03
+207.70000E-03,+412.49990E-03,+18.74995E-03
+207.72000E-03,+474.99990E-03,+18.74995E-03
+207.74000E-03,+412.49990E-03,+18.74995E-03
+207.76000E-03,+474.99990E-03,+18.74995E-03
+207.78000E-03,+412.49990E-03,+49.99995E-03
+207.80000E-03,+412.49990E-03,+18.74995E-03
+207.82000E-03,+412.49990E-03,+18.74995E-03
+207.84000E-03,+474.99990E-03,+18.74995E-03
+207.86000E-03,+474.99990E-03,-12.50005E-03
+207.88000E-03,+474.99990E-03,+18.74995E-03
+207.90000E-03,+349.99990E-03,+49.99995E-03
+207.92000E-03,+349.99990E-03,+49.99995E-03
+207.94000E-03,+412.49990E-03,+49.99995E-03
+207.96000E-03,+349.99990E-03,+18.74995E-03
+207.98000E-03,+412.49990E-03,+18.74995E-03
+208.00000E-03,+412.49990E-03,+49.99995E-03
+208.02000E-03,+412.49990E-03,+49.99995E-03
+208.04000E-03,+349.99990E-03,+49.99995E-03
+208.06000E-03,+412.49990E-03,-12.50005E-03
+208.08000E-03,+287.49990E-03,+18.74995E-03
+208.10000E-03,+412.49990E-03,+18.74995E-03
+208.12000E-03,+349.99990E-03,+49.99995E-03
+208.14000E-03,+349.99990E-03,+18.74995E-03
+208.16000E-03,+349.99990E-03,-12.50005E-03
+208.18000E-03,+412.49990E-03,+49.99995E-03
+208.20000E-03,+287.49990E-03,+18.74995E-03
+208.22000E-03,+412.49990E-03,+49.99995E-03
+208.24000E-03,+412.49990E-03,+18.74995E-03
+208.26000E-03,+412.49990E-03,+49.99995E-03
+208.28000E-03,+412.49990E-03,+18.74995E-03
+208.30000E-03,+349.99990E-03,+18.74995E-03
+208.32000E-03,+287.49990E-03,+18.74995E-03
+208.34000E-03,+349.99990E-03,+18.74995E-03
+208.36000E-03,+412.49990E-03,+18.74995E-03
+208.38000E-03,+349.99990E-03,+18.74995E-03
+208.40000E-03,+349.99990E-03,+49.99995E-03
+208.42000E-03,+349.99990E-03,+49.99995E-03
+208.44000E-03,+287.49990E-03,+18.74995E-03
+208.46000E-03,+349.99990E-03,+18.74995E-03
+208.48000E-03,+349.99990E-03,+49.99995E-03
+208.50000E-03,+349.99990E-03,+18.74995E-03
+208.52000E-03,+349.99990E-03,+18.74995E-03
+208.54000E-03,+287.49990E-03,+49.99995E-03
+208.56000E-03,+349.99990E-03,+49.99995E-03
+208.58000E-03,+412.49990E-03,+18.74995E-03
+208.60000E-03,+349.99990E-03,+18.74995E-03
+208.62000E-03,+287.49990E-03,+49.99995E-03
+208.64000E-03,+287.49990E-03,+49.99995E-03
+208.66000E-03,+287.49990E-03,+18.74995E-03
+208.68000E-03,+349.99990E-03,+81.24995E-03
+208.70000E-03,+349.99990E-03,+49.99995E-03
+208.72000E-03,+287.49990E-03,+18.74995E-03
+208.74000E-03,+287.49990E-03,+49.99995E-03
+208.76000E-03,+412.49990E-03,+18.74995E-03
+208.78000E-03,+287.49990E-03,+18.74995E-03
+208.80000E-03,+349.99990E-03,+18.74995E-03
+208.82000E-03,+412.49990E-03,+49.99995E-03
+208.84000E-03,+412.49990E-03,-12.50005E-03
+208.86000E-03,+287.49990E-03,+49.99995E-03
+208.88000E-03,+287.49990E-03,+49.99995E-03
+208.90000E-03,+287.49990E-03,+49.99995E-03
+208.92000E-03,+349.99990E-03,+18.74995E-03
+208.94000E-03,+349.99990E-03,-12.50005E-03
+208.96000E-03,+287.49990E-03,+18.74995E-03
+208.98000E-03,+412.49990E-03,+49.99995E-03
+209.00000E-03,+287.49990E-03,+18.74995E-03
+209.02000E-03,+349.99990E-03,+18.74995E-03
+209.04000E-03,+287.49990E-03,+18.74995E-03
+209.06000E-03,+349.99990E-03,+18.74995E-03
+209.08000E-03,+287.49990E-03,+49.99995E-03
+209.10000E-03,+349.99990E-03,+18.74995E-03
+209.12000E-03,+287.49990E-03,+18.74995E-03
+209.14000E-03,+287.49990E-03,+49.99995E-03
+209.16000E-03,+412.49990E-03,+18.74995E-03
+209.18000E-03,+349.99990E-03,+18.74995E-03
+209.20000E-03,+287.49990E-03,+18.74995E-03
+209.22000E-03,+287.49990E-03,+49.99995E-03
+209.24000E-03,+287.49990E-03,+18.74995E-03
+209.26000E-03,+287.49990E-03,+18.74995E-03
+209.28000E-03,+287.49990E-03,+49.99995E-03
+209.30000E-03,+287.49990E-03,+49.99995E-03
+209.32000E-03,+349.99990E-03,+18.74995E-03
+209.34000E-03,+349.99990E-03,-12.50005E-03
+209.36000E-03,+287.49990E-03,+18.74995E-03
+209.38000E-03,+287.49990E-03,+18.74995E-03
+209.40000E-03,+287.49990E-03,+18.74995E-03
+209.42000E-03,+287.49990E-03,+49.99995E-03
+209.44000E-03,+224.99990E-03,+18.74995E-03
+209.46000E-03,+287.49990E-03,+49.99995E-03
+209.48000E-03,+287.49990E-03,+18.74995E-03
+209.50000E-03,+224.99990E-03,+18.74995E-03
+209.52000E-03,+287.49990E-03,+18.74995E-03
+209.54000E-03,+287.49990E-03,+18.74995E-03
+209.56000E-03,+287.49990E-03,+18.74995E-03
+209.58000E-03,+287.49990E-03,+18.74995E-03
+209.60000E-03,+287.49990E-03,+18.74995E-03
+209.62000E-03,+224.99990E-03,+49.99995E-03
+209.64000E-03,+349.99990E-03,+18.74995E-03
+209.66000E-03,+287.49990E-03,+18.74995E-03
+209.68000E-03,+224.99990E-03,+18.74995E-03
+209.70000E-03,+287.49990E-03,-12.50005E-03
+209.72000E-03,+224.99990E-03,+18.74995E-03
+209.74000E-03,+287.49990E-03,+18.74995E-03
+209.76000E-03,+224.99990E-03,+18.74995E-03
+209.78000E-03,+349.99990E-03,+18.74995E-03
+209.80000E-03,+224.99990E-03,+18.74995E-03
+209.82000E-03,+287.49990E-03,+49.99995E-03
+209.84000E-03,+287.49990E-03,-12.50005E-03
+209.86000E-03,+224.99990E-03,+49.99995E-03
+209.88000E-03,+287.49990E-03,+49.99995E-03
+209.90000E-03,+224.99990E-03,+18.74995E-03
+209.92000E-03,+287.49990E-03,-12.50005E-03
+209.94000E-03,+224.99990E-03,+18.74995E-03
+209.96000E-03,+349.99990E-03,+18.74995E-03
+209.98000E-03,+287.49990E-03,+18.74995E-03
+210.00000E-03,+287.49990E-03,+18.74995E-03
+210.02000E-03,+224.99990E-03,+18.74995E-03
+210.04000E-03,+287.49990E-03,+18.74995E-03
+210.06000E-03,+287.49990E-03,+18.74995E-03
+210.08000E-03,+287.49990E-03,-12.50005E-03
+210.10000E-03,+287.49990E-03,+18.74995E-03
+210.12000E-03,+224.99990E-03,+18.74995E-03
+210.14000E-03,+224.99990E-03,+18.74995E-03
+210.16000E-03,+287.49990E-03,+18.74995E-03
+210.18000E-03,+349.99990E-03,+49.99995E-03
+210.20000E-03,+287.49990E-03,+18.74995E-03
+210.22000E-03,+287.49990E-03,+18.74995E-03
+210.24000E-03,+224.99990E-03,+18.74995E-03
+210.26000E-03,+287.49990E-03,+49.99995E-03
+210.28000E-03,+287.49990E-03,-12.50005E-03
+210.30000E-03,+224.99990E-03,+18.74995E-03
+210.32000E-03,+287.49990E-03,+49.99995E-03
+210.34000E-03,+287.49990E-03,+18.74995E-03
+210.36000E-03,+287.49990E-03,+49.99995E-03
+210.38000E-03,+349.99990E-03,+18.74995E-03
+210.40000E-03,+287.49990E-03,+18.74995E-03
+210.42000E-03,+224.99990E-03,+49.99995E-03
+210.44000E-03,+287.49990E-03,+18.74995E-03
+210.46000E-03,+224.99990E-03,+18.74995E-03
+210.48000E-03,+287.49990E-03,+18.74995E-03
+210.50000E-03,+287.49990E-03,+18.74995E-03
+210.52000E-03,+287.49990E-03,+49.99995E-03
+210.54000E-03,+224.99990E-03,+18.74995E-03
+210.56000E-03,+224.99990E-03,-12.50005E-03
+210.58000E-03,+287.49990E-03,+18.74995E-03
+210.60000E-03,+224.99990E-03,+18.74995E-03
+210.62000E-03,+162.49990E-03,+49.99995E-03
+210.64000E-03,+287.49990E-03,+18.74995E-03
+210.66000E-03,+224.99990E-03,+18.74995E-03
+210.68000E-03,+287.49990E-03,+18.74995E-03
+210.70000E-03,+224.99990E-03,+49.99995E-03
+210.72000E-03,+224.99990E-03,+49.99995E-03
+210.74000E-03,+287.49990E-03,+18.74995E-03
+210.76000E-03,+162.49990E-03,+18.74995E-03
+210.78000E-03,+162.49990E-03,+18.74995E-03
+210.80000E-03,+287.49990E-03,+49.99995E-03
+210.82000E-03,+287.49990E-03,+18.74995E-03
+210.84000E-03,+162.49990E-03,+18.74995E-03
+210.86000E-03,+287.49990E-03,+49.99995E-03
+210.88000E-03,+162.49990E-03,+18.74995E-03
+210.90000E-03,+224.99990E-03,+18.74995E-03
+210.92000E-03,+224.99990E-03,+18.74995E-03
+210.94000E-03,+224.99990E-03,+49.99995E-03
+210.96000E-03,+224.99990E-03,+49.99995E-03
+210.98000E-03,+224.99990E-03,+18.74995E-03
+211.00000E-03,+287.49990E-03,+49.99995E-03
+211.02000E-03,+224.99990E-03,+18.74995E-03
+211.04000E-03,+287.49990E-03,-12.50005E-03
+211.06000E-03,+224.99990E-03,+49.99995E-03
+211.08000E-03,+162.49990E-03,+18.74995E-03
+211.10000E-03,+287.49990E-03,+49.99995E-03
+211.12000E-03,+287.49990E-03,+49.99995E-03
+211.14000E-03,+224.99990E-03,+49.99995E-03
+211.16000E-03,+287.49990E-03,+49.99995E-03
+211.18000E-03,+224.99990E-03,+18.74995E-03
+211.20000E-03,+224.99990E-03,+18.74995E-03
+211.22000E-03,+287.49990E-03,+81.24995E-03
+211.24000E-03,+224.99990E-03,+18.74995E-03
+211.26000E-03,+224.99990E-03,+18.74995E-03
+211.28000E-03,+224.99990E-03,+18.74995E-03
+211.30000E-03,+287.49990E-03,-12.50005E-03
+211.32000E-03,+287.49990E-03,+18.74995E-03
+211.34000E-03,+287.49990E-03,+49.99995E-03
+211.36000E-03,+349.99990E-03,-12.50005E-03
+211.38000E-03,+224.99990E-03,+18.74995E-03
+211.40000E-03,+287.49990E-03,+18.74995E-03
+211.42000E-03,+99.99990E-03,+18.74995E-03
+211.44000E-03,+224.99990E-03,+49.99995E-03
+211.46000E-03,+224.99990E-03,+18.74995E-03
+211.48000E-03,+224.99990E-03,+49.99995E-03
+211.50000E-03,+224.99990E-03,+49.99995E-03
+211.52000E-03,+224.99990E-03,+18.74995E-03
+211.54000E-03,+224.99990E-03,+49.99995E-03
+211.56000E-03,+224.99990E-03,+18.74995E-03
+211.58000E-03,+162.49990E-03,+18.74995E-03
+211.60000E-03,+224.99990E-03,+18.74995E-03
+211.62000E-03,+224.99990E-03,+18.74995E-03
+211.64000E-03,+224.99990E-03,+49.99995E-03
+211.66000E-03,+287.49990E-03,+18.74995E-03
+211.68000E-03,+224.99990E-03,+18.74995E-03
+211.70000E-03,+224.99990E-03,+49.99995E-03
+211.72000E-03,+224.99990E-03,+18.74995E-03
+211.74000E-03,+162.49990E-03,+49.99995E-03
+211.76000E-03,+162.49990E-03,+49.99995E-03
+211.78000E-03,+287.49990E-03,+18.74995E-03
+211.80000E-03,+224.99990E-03,+18.74995E-03
+211.82000E-03,+224.99990E-03,-12.50005E-03
+211.84000E-03,+287.49990E-03,+18.74995E-03
+211.86000E-03,+162.49990E-03,+49.99995E-03
+211.88000E-03,+349.99990E-03,-12.50005E-03
+211.90000E-03,+162.49990E-03,+18.74995E-03
+211.92000E-03,+162.49990E-03,+18.74995E-03
+211.94000E-03,+287.49990E-03,+18.74995E-03
+211.96000E-03,+162.49990E-03,+18.74995E-03
+211.98000E-03,+224.99990E-03,+18.74995E-03
+212.00000E-03,+224.99990E-03,+49.99995E-03
+212.02000E-03,+224.99990E-03,+18.74995E-03
+212.04000E-03,+224.99990E-03,+18.74995E-03
+212.06000E-03,+349.99990E-03,+18.74995E-03
+212.08000E-03,+162.49990E-03,-12.50005E-03
+212.10000E-03,+224.99990E-03,+49.99995E-03
+212.12000E-03,+162.49990E-03,+18.74995E-03
+212.14000E-03,+224.99990E-03,+49.99995E-03
+212.16000E-03,+287.49990E-03,+18.74995E-03
+212.18000E-03,+162.49990E-03,-12.50005E-03
+212.20000E-03,+224.99990E-03,+18.74995E-03
+212.22000E-03,+287.49990E-03,+49.99995E-03
+212.24000E-03,+224.99990E-03,+18.74995E-03
+212.26000E-03,+287.49990E-03,+49.99995E-03
+212.28000E-03,+224.99990E-03,+18.74995E-03
+212.30000E-03,+224.99990E-03,+18.74995E-03
+212.32000E-03,+224.99990E-03,+49.99995E-03
+212.34000E-03,+224.99990E-03,+49.99995E-03
+212.36000E-03,+349.99990E-03,+18.74995E-03
+212.38000E-03,+162.49990E-03,+49.99995E-03
+212.40000E-03,+224.99990E-03,+18.74995E-03
+212.42000E-03,+162.49990E-03,+49.99995E-03
+212.44000E-03,+162.49990E-03,+49.99995E-03
+212.46000E-03,+287.49990E-03,+49.99995E-03
+212.48000E-03,+162.49990E-03,+18.74995E-03
+212.50000E-03,+224.99990E-03,+18.74995E-03
+212.52000E-03,+162.49990E-03,+18.74995E-03
+212.54000E-03,+162.49990E-03,+49.99995E-03
+212.56000E-03,+224.99990E-03,+18.74995E-03
+212.58000E-03,+224.99990E-03,+18.74995E-03
+212.60000E-03,+224.99990E-03,+18.74995E-03
+212.62000E-03,+224.99990E-03,+18.74995E-03
+212.64000E-03,+162.49990E-03,+49.99995E-03
+212.66000E-03,+37.49990E-03,+18.74995E-03
+212.68000E-03,+224.99990E-03,+18.74995E-03
+212.70000E-03,+224.99990E-03,+18.74995E-03
+212.72000E-03,+224.99990E-03,+18.74995E-03
+212.74000E-03,+224.99990E-03,+49.99995E-03
+212.76000E-03,+224.99990E-03,+49.99995E-03
+212.78000E-03,+287.49990E-03,+18.74995E-03
+212.80000E-03,+224.99990E-03,+49.99995E-03
+212.82000E-03,+224.99990E-03,+18.74995E-03
+212.84000E-03,+224.99990E-03,+49.99995E-03
+212.86000E-03,+224.99990E-03,+18.74995E-03
+212.88000E-03,+224.99990E-03,+18.74995E-03
+212.90000E-03,+162.49990E-03,+18.74995E-03
+212.92000E-03,+287.49990E-03,+49.99995E-03
+212.94000E-03,+224.99990E-03,+49.99995E-03
+212.96000E-03,+224.99990E-03,+18.74995E-03
+212.98000E-03,+224.99990E-03,+18.74995E-03
+213.00000E-03,+162.49990E-03,+18.74995E-03
+213.02000E-03,+224.99990E-03,+18.74995E-03
+213.04000E-03,+224.99990E-03,+49.99995E-03
+213.06000E-03,+162.49990E-03,+49.99995E-03
+213.08000E-03,+162.49990E-03,+49.99995E-03
+213.10000E-03,+224.99990E-03,+49.99995E-03
+213.12000E-03,+224.99990E-03,+18.74995E-03
+213.14000E-03,+224.99990E-03,+49.99995E-03
+213.16000E-03,+224.99990E-03,+49.99995E-03
+213.18000E-03,+287.49990E-03,+18.74995E-03
+213.20000E-03,+224.99990E-03,+18.74995E-03
+213.22000E-03,+162.49990E-03,+18.74995E-03
+213.24000E-03,+224.99990E-03,+49.99995E-03
+213.26000E-03,+162.49990E-03,+18.74995E-03
+213.28000E-03,+162.49990E-03,+18.74995E-03
+213.30000E-03,+224.99990E-03,+18.74995E-03
+213.32000E-03,+162.49990E-03,+18.74995E-03
+213.34000E-03,+287.49990E-03,+18.74995E-03
+213.36000E-03,+162.49990E-03,+49.99995E-03
+213.38000E-03,+162.49990E-03,+18.74995E-03
+213.40000E-03,+224.99990E-03,+49.99995E-03
+213.42000E-03,+162.49990E-03,+18.74995E-03
+213.44000E-03,+224.99990E-03,+18.74995E-03
+213.46000E-03,+224.99990E-03,+18.74995E-03
+213.48000E-03,+287.49990E-03,+49.99995E-03
+213.50000E-03,+224.99990E-03,+49.99995E-03
+213.52000E-03,+224.99990E-03,+81.24995E-03
+213.54000E-03,+162.49990E-03,+18.74995E-03
+213.56000E-03,+224.99990E-03,+18.74995E-03
+213.58000E-03,+162.49990E-03,+18.74995E-03
+213.60000E-03,+224.99990E-03,+81.24995E-03
+213.62000E-03,+162.49990E-03,+18.74995E-03
+213.64000E-03,+224.99990E-03,+18.74995E-03
+213.66000E-03,+224.99990E-03,+49.99995E-03
+213.68000E-03,+224.99990E-03,+18.74995E-03
+213.70000E-03,+162.49990E-03,+18.74995E-03
+213.72000E-03,+224.99990E-03,+18.74995E-03
+213.74000E-03,+162.49990E-03,+49.99995E-03
+213.76000E-03,+162.49990E-03,+18.74995E-03
+213.78000E-03,+162.49990E-03,+18.74995E-03
+213.80000E-03,+162.49990E-03,+49.99995E-03
+213.82000E-03,+224.99990E-03,+18.74995E-03
+213.84000E-03,+162.49990E-03,+49.99995E-03
+213.86000E-03,+224.99990E-03,-12.50005E-03
+213.88000E-03,+224.99990E-03,+18.74995E-03
+213.90000E-03,+224.99990E-03,+18.74995E-03
+213.92000E-03,+162.49990E-03,+18.74995E-03
+213.94000E-03,+99.99990E-03,+49.99995E-03
+213.96000E-03,+162.49990E-03,+49.99995E-03
+213.98000E-03,+162.49990E-03,+18.74995E-03
+214.00000E-03,+224.99990E-03,+49.99995E-03
+214.02000E-03,+287.49990E-03,+18.74995E-03
+214.04000E-03,+162.49990E-03,+49.99995E-03
+214.06000E-03,+224.99990E-03,+18.74995E-03
+214.08000E-03,+224.99990E-03,+18.74995E-03
+214.10000E-03,+224.99990E-03,+18.74995E-03
+214.12000E-03,+162.49990E-03,+18.74995E-03
+214.14000E-03,+224.99990E-03,+18.74995E-03
+214.16000E-03,+224.99990E-03,+18.74995E-03
+214.18000E-03,+224.99990E-03,+18.74995E-03
+214.20000E-03,+224.99990E-03,+18.74995E-03
+214.22000E-03,+162.49990E-03,+18.74995E-03
+214.24000E-03,+162.49990E-03,+18.74995E-03
+214.26000E-03,+162.49990E-03,+49.99995E-03
+214.28000E-03,+224.99990E-03,+49.99995E-03
+214.30000E-03,+224.99990E-03,+81.24995E-03
+214.32000E-03,+287.49990E-03,+49.99995E-03
+214.34000E-03,+224.99990E-03,+81.24995E-03
+214.36000E-03,+162.49990E-03,+49.99995E-03
+214.38000E-03,+224.99990E-03,+18.74995E-03
+214.40000E-03,+224.99990E-03,+18.74995E-03
+214.42000E-03,+224.99990E-03,-12.50005E-03
+214.44000E-03,+99.99990E-03,+18.74995E-03
+214.46000E-03,+162.49990E-03,+49.99995E-03
+214.48000E-03,+287.49990E-03,+18.74995E-03
+214.50000E-03,+224.99990E-03,+81.24995E-03
+214.52000E-03,+287.49990E-03,+49.99995E-03
+214.54000E-03,+162.49990E-03,+49.99995E-03
+214.56000E-03,+224.99990E-03,+49.99995E-03
+214.58000E-03,+224.99990E-03,+18.74995E-03
+214.60000E-03,+224.99990E-03,+49.99995E-03
+214.62000E-03,+224.99990E-03,+18.74995E-03
+214.64000E-03,+224.99990E-03,+18.74995E-03
+214.66000E-03,+224.99990E-03,+18.74995E-03
+214.68000E-03,+224.99990E-03,+49.99995E-03
+214.70000E-03,+162.49990E-03,+49.99995E-03
+214.72000E-03,+224.99990E-03,+18.74995E-03
+214.74000E-03,+224.99990E-03,+49.99995E-03
+214.76000E-03,+162.49990E-03,+49.99995E-03
+214.78000E-03,+224.99990E-03,+49.99995E-03
+214.80000E-03,+162.49990E-03,+81.24995E-03
+214.82000E-03,+224.99990E-03,+18.74995E-03
+214.84000E-03,+224.99990E-03,+49.99995E-03
+214.86000E-03,+162.49990E-03,+49.99995E-03
+214.88000E-03,+162.49990E-03,+18.74995E-03
+214.90000E-03,+224.99990E-03,+18.74995E-03
+214.92000E-03,+162.49990E-03,+49.99995E-03
+214.94000E-03,+224.99990E-03,+49.99995E-03
+214.96000E-03,+224.99990E-03,+18.74995E-03
+214.98000E-03,+287.49990E-03,+18.74995E-03
+215.00000E-03,+162.49990E-03,+18.74995E-03
+215.02000E-03,+224.99990E-03,+18.74995E-03
+215.04000E-03,+224.99990E-03,+18.74995E-03
+215.06000E-03,+224.99990E-03,+49.99995E-03
+215.08000E-03,+224.99990E-03,+49.99995E-03
+215.10000E-03,+224.99990E-03,+49.99995E-03
+215.12000E-03,+224.99990E-03,+49.99995E-03
+215.14000E-03,+224.99990E-03,+49.99995E-03
+215.16000E-03,+162.49990E-03,+18.74995E-03
+215.18000E-03,+224.99990E-03,+18.74995E-03
+215.20000E-03,+224.99990E-03,+49.99995E-03
+215.22000E-03,+162.49990E-03,+18.74995E-03
+215.24000E-03,+162.49990E-03,+18.74995E-03
+215.26000E-03,+162.49990E-03,+49.99995E-03
+215.28000E-03,+162.49990E-03,+18.74995E-03
+215.30000E-03,+99.99990E-03,+49.99995E-03
+215.32000E-03,+224.99990E-03,+18.74995E-03
+215.34000E-03,+162.49990E-03,+18.74995E-03
+215.36000E-03,+224.99990E-03,+49.99995E-03
+215.38000E-03,+224.99990E-03,+18.74995E-03
+215.40000E-03,+162.49990E-03,+49.99995E-03
+215.42000E-03,+99.99990E-03,+18.74995E-03
+215.44000E-03,+287.49990E-03,+18.74995E-03
+215.46000E-03,+224.99990E-03,+18.74995E-03
+215.48000E-03,+224.99990E-03,+49.99995E-03
+215.50000E-03,+162.49990E-03,+81.24995E-03
+215.52000E-03,+224.99990E-03,+49.99995E-03
+215.54000E-03,+224.99990E-03,+18.74995E-03
+215.56000E-03,+224.99990E-03,+49.99995E-03
+215.58000E-03,+162.49990E-03,+18.74995E-03
+215.60000E-03,+224.99990E-03,+18.74995E-03
+215.62000E-03,+224.99990E-03,+49.99995E-03
+215.64000E-03,+224.99990E-03,+49.99995E-03
+215.66000E-03,+162.49990E-03,+49.99995E-03
+215.68000E-03,+287.49990E-03,+18.74995E-03
+215.70000E-03,+162.49990E-03,+18.74995E-03
+215.72000E-03,+162.49990E-03,+49.99995E-03
+215.74000E-03,+224.99990E-03,+18.74995E-03
+215.76000E-03,+224.99990E-03,+18.74995E-03
+215.78000E-03,+162.49990E-03,+49.99995E-03
+215.80000E-03,+287.49990E-03,+81.24995E-03
+215.82000E-03,+162.49990E-03,+18.74995E-03
+215.84000E-03,+224.99990E-03,+49.99995E-03
+215.86000E-03,+162.49990E-03,+49.99995E-03
+215.88000E-03,+162.49990E-03,+18.74995E-03
+215.90000E-03,+162.49990E-03,+49.99995E-03
+215.92000E-03,+224.99990E-03,+49.99995E-03
+215.94000E-03,+287.49990E-03,+18.74995E-03
+215.96000E-03,+224.99990E-03,+18.74995E-03
+215.98000E-03,+224.99990E-03,+49.99995E-03
+216.00000E-03,+224.99990E-03,+18.74995E-03
+216.02000E-03,+224.99990E-03,+49.99995E-03
+216.04000E-03,+224.99990E-03,+49.99995E-03
+216.06000E-03,+99.99990E-03,+49.99995E-03
+216.08000E-03,+162.49990E-03,+18.74995E-03
+216.10000E-03,+162.49990E-03,+49.99995E-03
+216.12000E-03,+287.49990E-03,+49.99995E-03
+216.14000E-03,+224.99990E-03,+49.99995E-03
+216.16000E-03,+162.49990E-03,-12.50005E-03
+216.18000E-03,+162.49990E-03,+18.74995E-03
+216.20000E-03,+224.99990E-03,+49.99995E-03
+216.22000E-03,+287.49990E-03,+18.74995E-03
+216.24000E-03,+162.49990E-03,+18.74995E-03
+216.26000E-03,+162.49990E-03,+49.99995E-03
+216.28000E-03,+224.99990E-03,+49.99995E-03
+216.30000E-03,+99.99990E-03,+49.99995E-03
+216.32000E-03,+287.49990E-03,+18.74995E-03
+216.34000E-03,+162.49990E-03,+49.99995E-03
+216.36000E-03,+99.99990E-03,+18.74995E-03
+216.38000E-03,+287.49990E-03,+18.74995E-03
+216.40000E-03,+162.49990E-03,+18.74995E-03
+216.42000E-03,+224.99990E-03,+18.74995E-03
+216.44000E-03,+224.99990E-03,+18.74995E-03
+216.46000E-03,+99.99990E-03,+18.74995E-03
+216.48000E-03,+224.99990E-03,+18.74995E-03
+216.50000E-03,+162.49990E-03,+49.99995E-03
+216.52000E-03,+224.99990E-03,+49.99995E-03
+216.54000E-03,+162.49990E-03,+18.74995E-03
+216.56000E-03,+162.49990E-03,+49.99995E-03
+216.58000E-03,+224.99990E-03,+18.74995E-03
+216.60000E-03,+224.99990E-03,+49.99995E-03
+216.62000E-03,+224.99990E-03,+18.74995E-03
+216.64000E-03,+162.49990E-03,+49.99995E-03
+216.66000E-03,+162.49990E-03,+81.24995E-03
+216.68000E-03,+224.99990E-03,+49.99995E-03
+216.70000E-03,+224.99990E-03,+18.74995E-03
+216.72000E-03,+99.99990E-03,+18.74995E-03
+216.74000E-03,+162.49990E-03,+81.24995E-03
+216.76000E-03,+99.99990E-03,+18.74995E-03
+216.78000E-03,+224.99990E-03,+18.74995E-03
+216.80000E-03,+224.99990E-03,-12.50005E-03
+216.82000E-03,+162.49990E-03,+49.99995E-03
+216.84000E-03,+224.99990E-03,+18.74995E-03
+216.86000E-03,+224.99990E-03,+18.74995E-03
+216.88000E-03,+162.49990E-03,+18.74995E-03
+216.90000E-03,+287.49990E-03,+49.99995E-03
+216.92000E-03,+349.99990E-03,+18.74995E-03
+216.94000E-03,+224.99990E-03,+18.74995E-03
+216.96000E-03,+162.49990E-03,+49.99995E-03
+216.98000E-03,+99.99990E-03,+49.99995E-03
+217.00000E-03,+224.99990E-03,+18.74995E-03
+217.02000E-03,+162.49990E-03,+49.99995E-03
+217.04000E-03,+224.99990E-03,+18.74995E-03
+217.06000E-03,+224.99990E-03,+18.74995E-03
+217.08000E-03,+224.99990E-03,+18.74995E-03
+217.10000E-03,+224.99990E-03,+49.99995E-03
+217.12000E-03,+162.49990E-03,+18.74995E-03
+217.14000E-03,+162.49990E-03,+49.99995E-03
+217.16000E-03,+162.49990E-03,+49.99995E-03
+217.18000E-03,+224.99990E-03,+18.74995E-03
+217.20000E-03,+99.99990E-03,+18.74995E-03
+217.22000E-03,+287.49990E-03,+49.99995E-03
+217.24000E-03,+224.99990E-03,+49.99995E-03
+217.26000E-03,+162.49990E-03,+18.74995E-03
+217.28000E-03,+224.99990E-03,+18.74995E-03
+217.30000E-03,+224.99990E-03,+49.99995E-03
+217.32000E-03,+224.99990E-03,+18.74995E-03
+217.34000E-03,+224.99990E-03,+18.74995E-03
+217.36000E-03,+162.49990E-03,+49.99995E-03
+217.38000E-03,+224.99990E-03,+49.99995E-03
+217.40000E-03,+224.99990E-03,+18.74995E-03
+217.42000E-03,+224.99990E-03,+81.24995E-03
+217.44000E-03,+287.49990E-03,+18.74995E-03
+217.46000E-03,+224.99990E-03,+49.99995E-03
+217.48000E-03,+162.49990E-03,+49.99995E-03
+217.50000E-03,+162.49990E-03,+18.74995E-03
+217.52000E-03,+99.99990E-03,+49.99995E-03
+217.54000E-03,+287.49990E-03,+18.74995E-03
+217.56000E-03,+162.49990E-03,+49.99995E-03
+217.58000E-03,+224.99990E-03,+18.74995E-03
+217.60000E-03,+162.49990E-03,+18.74995E-03
+217.62000E-03,+99.99990E-03,+49.99995E-03
+217.64000E-03,+162.49990E-03,+49.99995E-03
+217.66000E-03,+162.49990E-03,+49.99995E-03
+217.68000E-03,+224.99990E-03,+81.24995E-03
+217.70000E-03,+162.49990E-03,+18.74995E-03
+217.72000E-03,+162.49990E-03,+49.99995E-03
+217.74000E-03,+224.99990E-03,+18.74995E-03
+217.76000E-03,+224.99990E-03,+18.74995E-03
+217.78000E-03,+224.99990E-03,+18.74995E-03
+217.80000E-03,+224.99990E-03,+18.74995E-03
+217.82000E-03,+287.49990E-03,+18.74995E-03
+217.84000E-03,+162.49990E-03,+49.99995E-03
+217.86000E-03,+162.49990E-03,+18.74995E-03
+217.88000E-03,+287.49990E-03,+49.99995E-03
+217.90000E-03,+162.49990E-03,+49.99995E-03
+217.92000E-03,+162.49990E-03,+18.74995E-03
+217.94000E-03,+224.99990E-03,+49.99995E-03
+217.96000E-03,+162.49990E-03,+18.74995E-03
+217.98000E-03,+162.49990E-03,+49.99995E-03
+218.00000E-03,+99.99990E-03,+18.74995E-03
+218.02000E-03,+224.99990E-03,+18.74995E-03
+218.04000E-03,+224.99990E-03,+49.99995E-03
+218.06000E-03,+162.49990E-03,-12.50005E-03
