Record Length,2.500000e+03,,   0.000000000000,   0.01480,
Sample Interval,1.000000e-02,,   0.010000000000,   0.01580,
Trigger Point,0.000000000000e+00,,   0.020000000000,   0.01480,
,,,   0.030000000000,   0.01480,
,,,   0.040000000000,   0.01480,
,,,   0.050000000000,   0.01540,
Source,CH1,,   0.060000000000,   0.01540,
Vertical Units,V,,   0.070000000000,   0.01440,
Vertical Scale,5.000000e-03,,   0.080000000000,   0.01460,
Vertical Offset,-8.600000e-03,,   0.090000000000,   0.01500,
Horizontal Units,s,,   0.100000000000,   0.01480,
Horizontal Scale,2.500000e+00,,   0.110000000000,   0.01460,
Pt Fmt,Y,,   0.120000000000,   0.01580,
Yzero,0.000000e+00,,   0.130000000000,   0.01440,
Probe Atten,1.000000e+00,,   0.140000000000,   0.01480,
Model Number,TDS1001B,,   0.150000000000,   0.01480,
Serial Number,C059924,,   0.160000000000,   0.01480,
Firmware Version,FV:v22.01,,   0.170000000000,   0.01500,
,,,0.180000000000,   0.01520,
,,,0.190000000000,   0.01480,
,,,0.200000000000,   0.01500,
,,,0.210000000000,   0.01500,
,,,0.220000000000,   0.01460,
,,,0.230000000000,   0.01460,
,,,0.240000000000,   0.01480,
,,,0.250000000000,   0.01540,
,,,0.260000000000,   0.01460,
,,,0.270000000000,   0.01540,
,,,0.280000000000,   0.01500,
,,,0.290000000000,   0.01460,
,,,0.300000000000,   0.01500,
,,,0.310000000000,   0.01460,
,,,0.320000000000,   0.01460,
,,,0.330000000000,   0.01480,
,,,0.340000000000,   0.01480,
,,,0.350000000000,   0.01500,
,,,0.360000000000,   0.01480,
,,,0.370000000000,   0.01480,
,,,0.380000000000,   0.01520,
,,,0.390000000000,   0.01440,
,,,0.400000000000,   0.01480,
,,,0.410000000000,   0.01420,
,,,0.420000000000,   0.01480,
,,,0.430000000000,   0.01460,
,,,0.440000000000,   0.01500,
,,,0.450000000000,   0.01480,
,,,0.460000000000,   0.01500,
,,,0.470000000000,   0.01500,
,,,0.480000000000,   0.01500,
,,,0.490000000000,   0.01500,
,,,0.500000000000,   0.01440,
,,,0.510000000000,   0.01520,
,,,0.520000000000,   0.01500,
,,,0.530000000000,   0.01500,
,,,0.540000000000,   0.01460,
,,,0.550000000000,   0.01460,
,,,0.560000000000,   0.01460,
,,,0.570000000000,   0.01460,
,,,0.580000000000,   0.01460,
,,,0.590000000000,   0.01440,
,,,0.600000000000,   0.01500,
,,,0.610000000000,   0.01400,
,,,0.620000000000,   0.01480,
,,,0.630000000000,   0.01440,
,,,0.640000000000,   0.01520,
,,,0.650000000000,   0.01460,
,,,0.660000000000,   0.01460,
,,,0.670000000000,   0.01480,
,,,0.680000000000,   0.01460,
,,,0.690000000000,   0.01420,
,,,0.700000000000,   0.01420,
,,,0.710000000000,   0.01480,
,,,0.720000000000,   0.01520,
,,,0.730000000000,   0.01440,
,,,0.740000000000,   0.01440,
,,,0.750000000000,   0.01440,
,,,0.760000000000,   0.01420,
,,,0.770000000000,   0.01400,
,,,0.780000000000,   0.01440,
,,,0.790000000000,   0.01400,
,,,0.800000000000,   0.01400,
,,,0.810000000000,   0.01360,
,,,0.820000000000,   0.01420,
,,,0.830000000000,   0.01460,
,,,0.840000000000,   0.01420,
,,,0.850000000000,   0.01420,
,,,0.860000000000,   0.01400,
,,,0.870000000000,   0.01480,
,,,0.880000000000,   0.01480,
,,,0.890000000000,   0.01360,
,,,0.900000000000,   0.01400,
,,,0.910000000000,   0.01380,
,,,0.920000000000,   0.01360,
,,,0.930000000000,   0.01380,
,,,0.940000000000,   0.01400,
,,,0.950000000000,   0.01360,
,,,0.960000000000,   0.01400,
,,,0.970000000000,   0.01480,
,,,0.980000000000,   0.01420,
,,,0.990000000000,   0.01380,
,,,1.000000000000,   0.01460,
,,,1.010000000000,   0.01320,
,,,1.020000000000,   0.01420,
,,,1.030000000000,   0.01440,
,,,1.040000000000,   0.01360,
,,,1.050000000000,   0.01360,
,,,1.060000000000,   0.01400,
,,,1.070000000000,   0.01420,
,,,1.080000000000,   0.01420,
,,,1.090000000000,   0.01420,
,,,1.100000000000,   0.01420,
,,,1.110000000000,   0.01400,
,,,1.120000000000,   0.01380,
,,,1.130000000000,   0.01420,
,,,1.140000000000,   0.01400,
,,,1.150000000000,   0.01440,
,,,1.160000000000,   0.01460,
,,,1.170000000000,   0.01360,
,,,1.180000000000,   0.01420,
,,,1.190000000000,   0.01440,
,,,1.200000000000,   0.01400,
,,,1.210000000000,   0.01400,
,,,1.220000000000,   0.01420,
,,,1.230000000000,   0.01360,
,,,1.240000000000,   0.01420,
,,,1.250000000000,   0.01380,
,,,1.260000000000,   0.01420,
,,,1.270000000000,   0.01380,
,,,1.280000000000,   0.01420,
,,,1.290000000000,   0.01340,
,,,1.300000000000,   0.01400,
,,,1.310000000000,   0.01420,
,,,1.320000000000,   0.01360,
,,,1.330000000000,   0.01400,
,,,1.340000000000,   0.01380,
,,,1.350000000000,   0.01360,
,,,1.360000000000,   0.01440,
,,,1.370000000000,   0.01380,
,,,1.380000000000,   0.01340,
,,,1.390000000000,   0.01380,
,,,1.400000000000,   0.01340,
,,,1.410000000000,   0.01300,
,,,1.420000000000,   0.01360,
,,,1.430000000000,   0.01320,
,,,1.440000000000,   0.01360,
,,,1.450000000000,   0.01340,
,,,1.460000000000,   0.01320,
,,,1.470000000000,   0.01400,
,,,1.480000000000,   0.01280,
,,,1.490000000000,   0.01320,
,,,1.500000000000,   0.01340,
,,,1.510000000000,   0.01340,
,,,1.520000000000,   0.01400,
,,,1.530000000000,   0.01340,
,,,1.540000000000,   0.01320,
,,,1.550000000000,   0.01440,
,,,1.560000000000,   0.01340,
,,,1.570000000000,   0.01340,
,,,1.580000000000,   0.01380,
,,,1.590000000000,   0.01340,
,,,1.600000000000,   0.01380,
,,,1.610000000000,   0.01380,
,,,1.620000000000,   0.01400,
,,,1.630000000000,   0.01320,
,,,1.640000000000,   0.01400,
,,,1.650000000000,   0.01320,
,,,1.660000000000,   0.01320,
,,,1.670000000000,   0.01320,
,,,1.680000000000,   0.01300,
,,,1.690000000000,   0.01360,
,,,1.700000000000,   0.01340,
,,,1.710000000000,   0.01400,
,,,1.720000000000,   0.01260,
,,,1.730000000000,   0.01320,
,,,1.740000000000,   0.01380,
,,,1.750000000000,   0.01340,
,,,1.760000000000,   0.01340,
,,,1.770000000000,   0.01360,
,,,1.780000000000,   0.01320,
,,,1.790000000000,   0.01320,
,,,1.800000000000,   0.01300,
,,,1.810000000000,   0.01400,
,,,1.820000000000,   0.01400,
,,,1.830000000000,   0.01340,
,,,1.840000000000,   0.01360,
,,,1.850000000000,   0.01320,
,,,1.860000000000,   0.01320,
,,,1.870000000000,   0.01320,
,,,1.880000000000,   0.01320,
,,,1.890000000000,   0.01400,
,,,1.900000000000,   0.01360,
,,,1.910000000000,   0.01320,
,,,1.920000000000,   0.01360,
,,,1.930000000000,   0.01340,
,,,1.940000000000,   0.01300,
,,,1.950000000000,   0.01240,
,,,1.960000000000,   0.01320,
,,,1.970000000000,   0.01340,
,,,1.980000000000,   0.01320,
,,,1.990000000000,   0.01380,
,,,2.000000000000,   0.01320,
,,,2.010000000000,   0.01320,
,,,2.020000000000,   0.01360,
,,,2.030000000000,   0.01300,
,,,2.040000000000,   0.01360,
,,,2.050000000000,   0.01300,
,,,2.060000000000,   0.01320,
,,,2.070000000000,   0.01320,
,,,2.080000000000,   0.01360,
,,,2.090000000000,   0.01300,
,,,2.100000000000,   0.01320,
,,,2.110000000000,   0.01340,
,,,2.120000000000,   0.01300,
,,,2.130000000000,   0.01320,
,,,2.140000000000,   0.01340,
,,,2.150000000000,   0.01320,
,,,2.160000000000,   0.01400,
,,,2.170000000000,   0.01340,
,,,2.180000000000,   0.01300,
,,,2.190000000000,   0.01320,
,,,2.200000000000,   0.01300,
,,,2.210000000000,   0.01340,
,,,2.220000000000,   0.01320,
,,,2.230000000000,   0.01340,
,,,2.240000000000,   0.01280,
,,,2.250000000000,   0.01300,
,,,2.260000000000,   0.01360,
,,,2.270000000000,   0.01340,
,,,2.280000000000,   0.01320,
,,,2.290000000000,   0.01260,
,,,2.300000000000,   0.01320,
,,,2.310000000000,   0.01320,
,,,2.320000000000,   0.01320,
,,,2.330000000000,   0.01380,
,,,2.340000000000,   0.01320,
,,,2.350000000000,   0.01340,
,,,2.360000000000,   0.01340,
,,,2.370000000000,   0.01320,
,,,2.380000000000,   0.01300,
,,,2.390000000000,   0.01340,
,,,2.400000000000,   0.01300,
,,,2.410000000000,   0.01340,
,,,2.420000000000,   0.01280,
,,,2.430000000000,   0.01320,
,,,2.440000000000,   0.01320,
,,,2.450000000000,   0.01340,
,,,2.460000000000,   0.01280,
,,,2.470000000000,   0.01300,
,,,2.480000000000,   0.01320,
,,,2.490000000000,   0.01320,
,,,2.500000000000,   0.01340,
,,,2.510000000000,   0.01340,
,,,2.520000000000,   0.01280,
,,,2.530000000000,   0.01320,
,,,2.540000000000,   0.01320,
,,,2.550000000000,   0.01300,
,,,2.560000000000,   0.01300,
,,,2.570000000000,   0.01300,
,,,2.580000000000,   0.01300,
,,,2.590000000000,   0.01340,
,,,2.600000000000,   0.01320,
,,,2.610000000000,   0.01360,
,,,2.620000000000,   0.01320,
,,,2.630000000000,   0.01320,
,,,2.640000000000,   0.01340,
,,,2.650000000000,   0.01300,
,,,2.660000000000,   0.01320,
,,,2.670000000000,   0.01280,
,,,2.680000000000,   0.01340,
,,,2.690000000000,   0.01300,
,,,2.700000000000,   0.01280,
,,,2.710000000000,   0.01280,
,,,2.720000000000,   0.01300,
,,,2.730000000000,   0.01280,
,,,2.740000000000,   0.01320,
,,,2.750000000000,   0.01300,
,,,2.760000000000,   0.01340,
,,,2.770000000000,   0.01300,
,,,2.780000000000,   0.01320,
,,,2.790000000000,   0.01300,
,,,2.800000000000,   0.01260,
,,,2.810000000000,   0.01320,
,,,2.820000000000,   0.01320,
,,,2.830000000000,   0.01320,
,,,2.840000000000,   0.01320,
,,,2.850000000000,   0.01260,
,,,2.860000000000,   0.01300,
,,,2.870000000000,   0.01260,
,,,2.880000000000,   0.01340,
,,,2.890000000000,   0.01300,
,,,2.900000000000,   0.01340,
,,,2.910000000000,   0.01300,
,,,2.920000000000,   0.01340,
,,,2.930000000000,   0.01300,
,,,2.940000000000,   0.01360,
,,,2.950000000000,   0.01300,
,,,2.960000000000,   0.01360,
,,,2.970000000000,   0.01320,
,,,2.980000000000,   0.01360,
,,,2.990000000000,   0.01280,
,,,3.000000000000,   0.01300,
,,,3.010000000000,   0.01240,
,,,3.020000000000,   0.01320,
,,,3.030000000000,   0.01240,
,,,3.040000000000,   0.01240,
,,,3.050000000000,   0.01300,
,,,3.060000000000,   0.01280,
,,,3.070000000000,   0.01260,
,,,3.080000000000,   0.01320,
,,,3.090000000000,   0.01280,
,,,3.100000000000,   0.01280,
,,,3.110000000000,   0.01300,
,,,3.120000000000,   0.01280,
,,,3.130000000000,   0.01360,
,,,3.140000000000,   0.01300,
,,,3.150000000000,   0.01260,
,,,3.160000000000,   0.01320,
,,,3.170000000000,   0.01300,
,,,3.180000000000,   0.01320,
,,,3.190000000000,   0.01260,
,,,3.200000000000,   0.01300,
,,,3.210000000000,   0.01260,
,,,3.220000000000,   0.01280,
,,,3.230000000000,   0.01280,
,,,3.240000000000,   0.01320,
,,,3.250000000000,   0.01300,
,,,3.260000000000,   0.01320,
,,,3.270000000000,   0.01220,
,,,3.280000000000,   0.01300,
,,,3.290000000000,   0.01260,
,,,3.300000000000,   0.01280,
,,,3.310000000000,   0.01260,
,,,3.320000000000,   0.01240,
,,,3.330000000000,   0.01260,
,,,3.340000000000,   0.01280,
,,,3.350000000000,   0.01280,
,,,3.360000000000,   0.01240,
,,,3.370000000000,   0.01280,
,,,3.380000000000,   0.01320,
,,,3.390000000000,   0.01240,
,,,3.400000000000,   0.01240,
,,,3.410000000000,   0.01300,
,,,3.420000000000,   0.01340,
,,,3.430000000000,   0.01300,
,,,3.440000000000,   0.01220,
,,,3.450000000000,   0.01240,
,,,3.460000000000,   0.01240,
,,,3.470000000000,   0.01260,
,,,3.480000000000,   0.01280,
,,,3.490000000000,   0.01260,
,,,3.500000000000,   0.01280,
,,,3.510000000000,   0.01240,
,,,3.520000000000,   0.01320,
,,,3.530000000000,   0.01260,
,,,3.540000000000,   0.01220,
,,,3.550000000000,   0.01220,
,,,3.560000000000,   0.01220,
,,,3.570000000000,   0.01200,
,,,3.580000000000,   0.01280,
,,,3.590000000000,   0.01240,
,,,3.600000000000,   0.01240,
,,,3.610000000000,   0.01180,
,,,3.620000000000,   0.01300,
,,,3.630000000000,   0.01200,
,,,3.640000000000,   0.01240,
,,,3.650000000000,   0.01240,
,,,3.660000000000,   0.01240,
,,,3.670000000000,   0.01240,
,,,3.680000000000,   0.01280,
,,,3.690000000000,   0.01200,
,,,3.700000000000,   0.01300,
,,,3.710000000000,   0.01240,
,,,3.720000000000,   0.01280,
,,,3.730000000000,   0.01160,
,,,3.740000000000,   0.01240,
,,,3.750000000000,   0.01280,
,,,3.760000000000,   0.01260,
,,,3.770000000000,   0.01240,
,,,3.780000000000,   0.01320,
,,,3.790000000000,   0.01280,
,,,3.800000000000,   0.01300,
,,,3.810000000000,   0.01240,
,,,3.820000000000,   0.01280,
,,,3.830000000000,   0.01220,
,,,3.840000000000,   0.01260,
,,,3.850000000000,   0.01280,
,,,3.860000000000,   0.01240,
,,,3.870000000000,   0.01240,
,,,3.880000000000,   0.01260,
,,,3.890000000000,   0.01260,
,,,3.900000000000,   0.01220,
,,,3.910000000000,   0.01260,
,,,3.920000000000,   0.01240,
,,,3.930000000000,   0.01160,
,,,3.940000000000,   0.01220,
,,,3.950000000000,   0.01220,
,,,3.960000000000,   0.01260,
,,,3.970000000000,   0.01180,
,,,3.980000000000,   0.01320,
,,,3.990000000000,   0.01240,
,,,4.000000000000,   0.01240,
,,,4.010000000000,   0.01220,
,,,4.020000000000,   0.01220,
,,,4.030000000000,   0.01180,
,,,4.040000000000,   0.01300,
,,,4.050000000000,   0.01240,
,,,4.060000000000,   0.01240,
,,,4.070000000000,   0.01260,
,,,4.080000000000,   0.01280,
,,,4.090000000000,   0.01220,
,,,4.100000000000,   0.01200,
,,,4.110000000000,   0.01240,
,,,4.120000000000,   0.01240,
,,,4.130000000000,   0.01220,
,,,4.140000000000,   0.01260,
,,,4.150000000000,   0.01180,
,,,4.160000000000,   0.01280,
,,,4.170000000000,   0.01240,
,,,4.180000000000,   0.01240,
,,,4.190000000000,   0.01240,
,,,4.200000000000,   0.01240,
,,,4.210000000000,   0.01200,
,,,4.220000000000,   0.01180,
,,,4.230000000000,   0.01160,
,,,4.240000000000,   0.01260,
,,,4.250000000000,   0.01240,
,,,4.260000000000,   0.01200,
,,,4.270000000000,   0.01200,
,,,4.280000000000,   0.01260,
,,,4.290000000000,   0.01200,
,,,4.300000000000,   0.01280,
,,,4.310000000000,   0.01280,
,,,4.320000000000,   0.01280,
,,,4.330000000000,   0.01240,
,,,4.340000000000,   0.01200,
,,,4.350000000000,   0.01180,
,,,4.360000000000,   0.01200,
,,,4.370000000000,   0.01240,
,,,4.380000000000,   0.01240,
,,,4.390000000000,   0.01180,
,,,4.400000000000,   0.01280,
,,,4.410000000000,   0.01200,
,,,4.420000000000,   0.01200,
,,,4.430000000000,   0.01220,
,,,4.440000000000,   0.01320,
,,,4.450000000000,   0.01140,
,,,4.460000000000,   0.01240,
,,,4.470000000000,   0.01180,
,,,4.480000000000,   0.01200,
,,,4.490000000000,   0.01160,
,,,4.500000000000,   0.01260,
,,,4.510000000000,   0.01160,
,,,4.520000000000,   0.01260,
,,,4.530000000000,   0.01200,
,,,4.540000000000,   0.01200,
,,,4.550000000000,   0.01200,
,,,4.560000000000,   0.01260,
,,,4.570000000000,   0.01180,
,,,4.580000000000,   0.01260,
,,,4.590000000000,   0.01240,
,,,4.600000000000,   0.01280,
,,,4.610000000000,   0.01220,
,,,4.620000000000,   0.01240,
,,,4.630000000000,   0.01240,
,,,4.640000000000,   0.01200,
,,,4.650000000000,   0.01200,
,,,4.660000000000,   0.01280,
,,,4.670000000000,   0.01220,
,,,4.680000000000,   0.01240,
,,,4.690000000000,   0.01260,
,,,4.700000000000,   0.01280,
,,,4.710000000000,   0.01200,
,,,4.720000000000,   0.01220,
,,,4.730000000000,   0.01240,
,,,4.740000000000,   0.01240,
,,,4.750000000000,   0.01180,
,,,4.760000000000,   0.01200,
,,,4.770000000000,   0.01180,
,,,4.780000000000,   0.01240,
,,,4.790000000000,   0.01160,
,,,4.800000000000,   0.01240,
,,,4.810000000000,   0.01140,
,,,4.820000000000,   0.01160,
,,,4.830000000000,   0.01200,
,,,4.840000000000,   0.01240,
,,,4.850000000000,   0.01160,
,,,4.860000000000,   0.01200,
,,,4.870000000000,   0.01180,
,,,4.880000000000,   0.01180,
,,,4.890000000000,   0.01240,
,,,4.900000000000,   0.01200,
,,,4.910000000000,   0.01180,
,,,4.920000000000,   0.01320,
,,,4.930000000000,   0.01240,
,,,4.940000000000,   0.01240,
,,,4.950000000000,   0.01220,
,,,4.960000000000,   0.01260,
,,,4.970000000000,   0.01180,
,,,4.980000000000,   0.01220,
,,,4.990000000000,   0.01180,
,,,5.000000000000,   0.01240,
,,,5.010000000000,   0.01280,
,,,5.020000000000,   0.01220,
,,,5.030000000000,   0.01240,
,,,5.040000000000,   0.01280,
,,,5.050000000000,   0.01200,
,,,5.060000000000,   0.01300,
,,,5.070000000000,   0.01200,
,,,5.080000000000,   0.01220,
,,,5.090000000000,   0.01220,
,,,5.100000000000,   0.01320,
,,,5.110000000000,   0.01220,
,,,5.120000000000,   0.01240,
,,,5.130000000000,   0.01160,
,,,5.140000000000,   0.01220,
,,,5.150000000000,   0.01240,
,,,5.160000000000,   0.01280,
,,,5.170000000000,   0.01200,
,,,5.180000000000,   0.01220,
,,,5.190000000000,   0.01280,
,,,5.200000000000,   0.01260,
,,,5.210000000000,   0.01200,
,,,5.220000000000,   0.01260,
,,,5.230000000000,   0.01260,
,,,5.240000000000,   0.01200,
,,,5.250000000000,   0.01260,
,,,5.260000000000,   0.01260,
,,,5.270000000000,   0.01220,
,,,5.280000000000,   0.01220,
,,,5.290000000000,   0.01280,
,,,5.300000000000,   0.01280,
,,,5.310000000000,   0.01280,
,,,5.320000000000,   0.01280,
,,,5.330000000000,   0.01220,
,,,5.340000000000,   0.01280,
,,,5.350000000000,   0.01260,
,,,5.360000000000,   0.01300,
,,,5.370000000000,  -0.01700,
,,,5.380000000000,  -0.01700,
,,,5.390000000000,  -0.01700,
,,,5.400000000000,  -0.01700,
,,,5.410000000000,  -0.01700,
,,,5.420000000000,  -0.01700,
,,,5.430000000000,  -0.01700,
,,,5.440000000000,  -0.01700,
,,,5.450000000000,  -0.01700,
,,,5.460000000000,  -0.01700,
,,,5.470000000000,  -0.01700,
,,,5.480000000000,  -0.01700,
,,,5.490000000000,  -0.01700,
,,,5.500000000000,  -0.01700,
,,,5.510000000000,  -0.01700,
,,,5.520000000000,  -0.01700,
,,,5.530000000000,  -0.01700,
,,,5.540000000000,  -0.01700,
,,,5.550000000000,  -0.01700,
,,,5.560000000000,  -0.01700,
,,,5.570000000000,  -0.01700,
,,,5.580000000000,  -0.01700,
,,,5.590000000000,  -0.01700,
,,,5.600000000000,  -0.01700,
,,,5.610000000000,  -0.01700,
,,,5.620000000000,  -0.01700,
,,,5.630000000000,  -0.01700,
,,,5.640000000000,  -0.01700,
,,,5.650000000000,  -0.01700,
,,,5.660000000000,  -0.01700,
,,,5.670000000000,  -0.01700,
,,,5.680000000000,  -0.01700,
,,,5.690000000000,  -0.01700,
,,,5.700000000000,  -0.01700,
,,,5.710000000000,  -0.01700,
,,,5.720000000000,  -0.01700,
,,,5.730000000000,  -0.01700,
,,,5.740000000000,  -0.01700,
,,,5.750000000000,  -0.01700,
,,,5.760000000000,  -0.01700,
,,,5.770000000000,  -0.01700,
,,,5.780000000000,  -0.01700,
,,,5.790000000000,  -0.01700,
,,,5.800000000000,  -0.01700,
,,,5.810000000000,  -0.01700,
,,,5.820000000000,  -0.01700,
,,,5.830000000000,  -0.01700,
,,,5.840000000000,  -0.01700,
,,,5.850000000000,  -0.01700,
,,,5.860000000000,  -0.01700,
,,,5.870000000000,  -0.01700,
,,,5.880000000000,  -0.01700,
,,,5.890000000000,  -0.01700,
,,,5.900000000000,  -0.01700,
,,,5.910000000000,  -0.01700,
,,,5.920000000000,  -0.01700,
,,,5.930000000000,  -0.01700,
,,,5.940000000000,  -0.01700,
,,,5.950000000000,  -0.01700,
,,,5.960000000000,  -0.01700,
,,,5.970000000000,  -0.01700,
,,,5.980000000000,  -0.01700,
,,,5.990000000000,  -0.01700,
,,,6.000000000000,  -0.01700,
,,,6.010000000000,  -0.01700,
,,,6.020000000000,  -0.01700,
,,,6.030000000000,  -0.01700,
,,,6.040000000000,  -0.01700,
,,,6.050000000000,  -0.01700,
,,,6.060000000000,  -0.01700,
,,,6.070000000000,  -0.01700,
,,,6.080000000000,  -0.01700,
,,,6.090000000000,  -0.01700,
,,,6.100000000000,  -0.01700,
,,,6.110000000000,  -0.01700,
,,,6.120000000000,  -0.01700,
,,,6.130000000000,  -0.01700,
,,,6.140000000000,  -0.01700,
,,,6.150000000000,  -0.01700,
,,,6.160000000000,  -0.01700,
,,,6.170000000000,  -0.01700,
,,,6.180000000000,  -0.01700,
,,,6.190000000000,  -0.01700,
,,,6.200000000000,  -0.01700,
,,,6.210000000000,  -0.01700,
,,,6.220000000000,  -0.01700,
,,,6.230000000000,  -0.01700,
,,,6.240000000000,  -0.01700,
,,,6.250000000000,  -0.01700,
,,,6.260000000000,  -0.01700,
,,,6.270000000000,  -0.01700,
,,,6.280000000000,  -0.01700,
,,,6.290000000000,  -0.01700,
,,,6.300000000000,  -0.01700,
,,,6.310000000000,  -0.01700,
,,,6.320000000000,  -0.01700,
,,,6.330000000000,  -0.01700,
,,,6.340000000000,  -0.01700,
,,,6.350000000000,  -0.01700,
,,,6.360000000000,  -0.01700,
,,,6.370000000000,  -0.01700,
,,,6.380000000000,  -0.01700,
,,,6.390000000000,  -0.01700,
,,,6.400000000000,  -0.01700,
,,,6.410000000000,  -0.01700,
,,,6.420000000000,  -0.01700,
,,,6.430000000000,  -0.01700,
,,,6.440000000000,  -0.01700,
,,,6.450000000000,  -0.01700,
,,,6.460000000000,  -0.01700,
,,,6.470000000000,  -0.01700,
,,,6.480000000000,  -0.01700,
,,,6.490000000000,  -0.01700,
,,,6.500000000000,  -0.01700,
,,,6.510000000000,  -0.01700,
,,,6.520000000000,  -0.01700,
,,,6.530000000000,  -0.01700,
,,,6.540000000000,  -0.01700,
,,,6.550000000000,  -0.01700,
,,,6.560000000000,  -0.01700,
,,,6.570000000000,  -0.01700,
,,,6.580000000000,  -0.01700,
,,,6.590000000000,  -0.01700,
,,,6.600000000000,  -0.01700,
,,,6.610000000000,  -0.01700,
,,,6.620000000000,  -0.01700,
,,,6.630000000000,  -0.01700,
,,,6.640000000000,  -0.01700,
,,,6.650000000000,  -0.01700,
,,,6.660000000000,  -0.01700,
,,,6.670000000000,  -0.01700,
,,,6.680000000000,  -0.01700,
,,,6.690000000000,  -0.01700,
,,,6.700000000000,  -0.01700,
,,,6.710000000000,  -0.01700,
,,,6.720000000000,  -0.01700,
,,,6.730000000000,  -0.01700,
,,,6.740000000000,  -0.01700,
,,,6.750000000000,  -0.01700,
,,,6.760000000000,  -0.01700,
,,,6.770000000000,  -0.01700,
,,,6.780000000000,  -0.01700,
,,,6.790000000000,  -0.01700,
,,,6.800000000000,  -0.01700,
,,,6.810000000000,  -0.01700,
,,,6.820000000000,  -0.01700,
,,,6.830000000000,  -0.01700,
,,,6.840000000000,  -0.01700,
,,,6.850000000000,  -0.01700,
,,,6.860000000000,  -0.01700,
,,,6.870000000000,  -0.01700,
,,,6.880000000000,  -0.01700,
,,,6.890000000000,  -0.01700,
,,,6.900000000000,  -0.01700,
,,,6.910000000000,  -0.01700,
,,,6.920000000000,  -0.01700,
,,,6.930000000000,  -0.01700,
,,,6.940000000000,  -0.01700,
,,,6.950000000000,  -0.01700,
,,,6.960000000000,  -0.01700,
,,,6.970000000000,  -0.01700,
,,,6.980000000000,  -0.01700,
,,,6.990000000000,  -0.01700,
,,,7.000000000000,  -0.01700,
,,,7.010000000000,  -0.01700,
,,,7.020000000000,  -0.01700,
,,,7.030000000000,  -0.01700,
,,,7.040000000000,  -0.01700,
,,,7.050000000000,  -0.01700,
,,,7.060000000000,  -0.01700,
,,,7.070000000000,  -0.01700,
,,,7.080000000000,  -0.01700,
,,,7.090000000000,  -0.01700,
,,,7.100000000000,  -0.01700,
,,,7.110000000000,  -0.01700,
,,,7.120000000000,  -0.01700,
,,,7.130000000000,  -0.01700,
,,,7.140000000000,  -0.01700,
,,,7.150000000000,  -0.01700,
,,,7.160000000000,  -0.01700,
,,,7.170000000000,  -0.01700,
,,,7.180000000000,  -0.01700,
,,,7.190000000000,  -0.01700,
,,,7.200000000000,  -0.01700,
,,,7.210000000000,  -0.01700,
,,,7.220000000000,  -0.01700,
,,,7.230000000000,  -0.01700,
,,,7.240000000000,  -0.01700,
,,,7.250000000000,  -0.01700,
,,,7.260000000000,  -0.01700,
,,,7.270000000000,  -0.01700,
,,,7.280000000000,  -0.01700,
,,,7.290000000000,  -0.01700,
,,,7.300000000000,  -0.01700,
,,,7.310000000000,  -0.01700,
,,,7.320000000000,  -0.01700,
,,,7.330000000000,  -0.01700,
,,,7.340000000000,  -0.01700,
,,,7.350000000000,  -0.01700,
,,,7.360000000000,  -0.01700,
,,,7.370000000000,  -0.01700,
,,,7.380000000000,  -0.01700,
,,,7.390000000000,  -0.01700,
,,,7.400000000000,  -0.01700,
,,,7.410000000000,  -0.01700,
,,,7.420000000000,  -0.01700,
,,,7.430000000000,  -0.01700,
,,,7.440000000000,  -0.01700,
,,,7.450000000000,  -0.01700,
,,,7.460000000000,  -0.01700,
,,,7.470000000000,  -0.01700,
,,,7.480000000000,  -0.01700,
,,,7.490000000000,  -0.01700,
,,,7.500000000000,  -0.01700,
,,,7.510000000000,  -0.01700,
,,,7.520000000000,  -0.01700,
,,,7.530000000000,  -0.01700,
,,,7.540000000000,  -0.01700,
,,,7.550000000000,  -0.01700,
,,,7.560000000000,  -0.01700,
,,,7.570000000000,  -0.01700,
,,,7.580000000000,  -0.01700,
,,,7.590000000000,  -0.01700,
,,,7.600000000000,  -0.01700,
,,,7.610000000000,  -0.01700,
,,,7.620000000000,  -0.01700,
,,,7.630000000000,  -0.01700,
,,,7.640000000000,  -0.01700,
,,,7.650000000000,  -0.01700,
,,,7.660000000000,  -0.01700,
,,,7.670000000000,  -0.01700,
,,,7.680000000000,  -0.01700,
,,,7.690000000000,  -0.01700,
,,,7.700000000000,  -0.01700,
,,,7.710000000000,  -0.01700,
,,,7.720000000000,  -0.01700,
,,,7.730000000000,  -0.01700,
,,,7.740000000000,  -0.01700,
,,,7.750000000000,  -0.01700,
,,,7.760000000000,  -0.01700,
,,,7.770000000000,  -0.01700,
,,,7.780000000000,  -0.01700,
,,,7.790000000000,  -0.01700,
,,,7.800000000000,  -0.01700,
,,,7.810000000000,  -0.01700,
,,,7.820000000000,  -0.01700,
,,,7.830000000000,  -0.01700,
,,,7.840000000000,  -0.01700,
,,,7.850000000000,  -0.01700,
,,,7.860000000000,  -0.01700,
,,,7.870000000000,   0.01380,
,,,7.880000000000,   0.01380,
,,,7.890000000000,   0.01460,
,,,7.900000000000,   0.01440,
,,,7.910000000000,   0.01400,
,,,7.920000000000,   0.01400,
,,,7.930000000000,   0.01480,
,,,7.940000000000,   0.01340,
,,,7.950000000000,   0.01400,
,,,7.960000000000,   0.01460,
,,,7.970000000000,   0.01480,
,,,7.980000000000,   0.01360,
,,,7.990000000000,   0.01460,
,,,8.000000000000,   0.01400,
,,,8.010000000000,   0.01420,
,,,8.020000000000,   0.01440,
,,,8.030000000000,   0.01420,
,,,8.040000000000,   0.01420,
,,,8.050000000000,   0.01400,
,,,8.060000000000,   0.01400,
,,,8.070000000000,   0.01400,
,,,8.080000000000,   0.01380,
,,,8.090000000000,   0.01480,
,,,8.100000000000,   0.01420,
,,,8.110000000000,   0.01340,
,,,8.120000000000,   0.01440,
,,,8.130000000000,   0.01380,
,,,8.140000000000,   0.01360,
,,,8.150000000000,   0.01360,
,,,8.160000000000,   0.01420,
,,,8.170000000000,   0.01440,
,,,8.180000000000,   0.01400,
,,,8.190000000000,   0.01400,
,,,8.200000000000,   0.01360,
,,,8.210000000000,   0.01400,
,,,8.220000000000,   0.01400,
,,,8.230000000000,   0.01420,
,,,8.240000000000,   0.01360,
,,,8.250000000000,   0.01500,
,,,8.260000000000,   0.01400,
,,,8.270000000000,   0.01400,
,,,8.280000000000,   0.01400,
,,,8.290000000000,   0.01400,
,,,8.300000000000,   0.01380,
,,,8.310000000000,   0.01340,
,,,8.320000000000,   0.01400,
,,,8.330000000000,   0.01380,
,,,8.340000000000,   0.01380,
,,,8.350000000000,   0.01360,
,,,8.360000000000,   0.01360,
,,,8.370000000000,   0.01420,
,,,8.380000000000,   0.01400,
,,,8.390000000000,   0.01400,
,,,8.400000000000,   0.01360,
,,,8.410000000000,   0.01400,
,,,8.420000000000,   0.01380,
,,,8.430000000000,   0.01420,
,,,8.440000000000,   0.01360,
,,,8.450000000000,   0.01340,
,,,8.460000000000,   0.01400,
,,,8.470000000000,   0.01400,
,,,8.480000000000,   0.01380,
,,,8.490000000000,   0.01400,
,,,8.500000000000,   0.01320,
,,,8.510000000000,   0.01340,
,,,8.520000000000,   0.01420,
,,,8.530000000000,   0.01420,
,,,8.540000000000,   0.01380,
,,,8.550000000000,   0.01400,
,,,8.560000000000,   0.01380,
,,,8.570000000000,   0.01420,
,,,8.580000000000,   0.01400,
,,,8.590000000000,   0.01380,
,,,8.600000000000,   0.01340,
,,,8.610000000000,   0.01380,
,,,8.620000000000,   0.01360,
,,,8.630000000000,   0.01400,
,,,8.640000000000,   0.01380,
,,,8.650000000000,   0.01380,
,,,8.660000000000,   0.01380,
,,,8.670000000000,   0.01400,
,,,8.680000000000,   0.01360,
,,,8.690000000000,   0.01380,
,,,8.700000000000,   0.01400,
,,,8.710000000000,   0.01400,
,,,8.720000000000,   0.01340,
,,,8.730000000000,   0.01320,
,,,8.740000000000,   0.01360,
,,,8.750000000000,   0.01340,
,,,8.760000000000,   0.01420,
,,,8.770000000000,   0.01380,
,,,8.780000000000,   0.01460,
,,,8.790000000000,   0.01320,
,,,8.800000000000,   0.01400,
,,,8.810000000000,   0.01420,
,,,8.820000000000,   0.01360,
,,,8.830000000000,   0.01320,
,,,8.840000000000,   0.01360,
,,,8.850000000000,   0.01360,
,,,8.860000000000,   0.01400,
,,,8.870000000000,   0.01360,
,,,8.880000000000,   0.01420,
,,,8.890000000000,   0.01380,
,,,8.900000000000,   0.01340,
,,,8.910000000000,   0.01360,
,,,8.920000000000,   0.01320,
,,,8.930000000000,   0.01420,
,,,8.940000000000,   0.01340,
,,,8.950000000000,   0.01400,
,,,8.960000000000,   0.01300,
,,,8.970000000000,   0.01360,
,,,8.980000000000,   0.01320,
,,,8.990000000000,   0.01400,
,,,9.000000000000,   0.01360,
,,,9.010000000000,   0.01380,
,,,9.020000000000,   0.01400,
,,,9.030000000000,   0.01360,
,,,9.040000000000,   0.01380,
,,,9.050000000000,   0.01360,
,,,9.060000000000,   0.01400,
,,,9.070000000000,   0.01420,
,,,9.080000000000,   0.01320,
,,,9.090000000000,   0.01340,
,,,9.100000000000,   0.01380,
,,,9.110000000000,   0.01340,
,,,9.120000000000,   0.01360,
,,,9.130000000000,   0.01340,
,,,9.140000000000,   0.01300,
,,,9.150000000000,   0.01360,
,,,9.160000000000,   0.01320,
,,,9.170000000000,   0.01300,
,,,9.180000000000,   0.01340,
,,,9.190000000000,   0.01360,
,,,9.200000000000,   0.01280,
,,,9.210000000000,   0.01400,
,,,9.220000000000,   0.01380,
,,,9.230000000000,   0.01320,
,,,9.240000000000,   0.01380,
,,,9.250000000000,   0.01340,
,,,9.260000000000,   0.01420,
,,,9.270000000000,   0.01360,
,,,9.280000000000,   0.01380,
,,,9.290000000000,   0.01320,
,,,9.300000000000,   0.01360,
,,,9.310000000000,   0.01360,
,,,9.320000000000,   0.01380,
,,,9.330000000000,   0.01420,
,,,9.340000000000,   0.01340,
,,,9.350000000000,   0.01360,
,,,9.360000000000,   0.01380,
,,,9.370000000000,   0.01400,
,,,9.380000000000,   0.01380,
,,,9.390000000000,   0.01360,
,,,9.400000000000,   0.01340,
,,,9.410000000000,   0.01360,
,,,9.420000000000,   0.01360,
,,,9.430000000000,   0.01260,
,,,9.440000000000,   0.01320,
,,,9.450000000000,   0.01320,
,,,9.460000000000,   0.01360,
,,,9.470000000000,   0.01340,
,,,9.480000000000,   0.01420,
,,,9.490000000000,   0.01380,
,,,9.500000000000,   0.01400,
,,,9.510000000000,   0.01360,
,,,9.520000000000,   0.01340,
,,,9.530000000000,   0.01360,
,,,9.540000000000,   0.01340,
,,,9.550000000000,   0.01320,
,,,9.560000000000,   0.01360,
,,,9.570000000000,   0.01380,
,,,9.580000000000,   0.01340,
,,,9.590000000000,   0.01320,
,,,9.600000000000,   0.01360,
,,,9.610000000000,   0.01320,
,,,9.620000000000,   0.01340,
,,,9.630000000000,   0.01380,
,,,9.640000000000,   0.01320,
,,,9.650000000000,   0.01320,
,,,9.660000000000,   0.01360,
,,,9.670000000000,   0.01320,
,,,9.680000000000,   0.01340,
,,,9.690000000000,   0.01320,
,,,9.700000000000,   0.01320,
,,,9.710000000000,   0.01360,
,,,9.720000000000,   0.01360,
,,,9.730000000000,   0.01320,
,,,9.740000000000,   0.01320,
,,,9.750000000000,   0.01400,
,,,9.760000000000,   0.01360,
,,,9.770000000000,   0.01320,
,,,9.780000000000,   0.01360,
,,,9.790000000000,   0.01320,
,,,9.800000000000,   0.01300,
,,,9.810000000000,   0.01320,
,,,9.820000000000,   0.01320,
,,,9.830000000000,   0.01340,
,,,9.840000000000,   0.01340,
,,,9.850000000000,   0.01400,
,,,9.860000000000,   0.01400,
,,,9.870000000000,   0.01380,
,,,9.880000000000,   0.01320,
,,,9.890000000000,   0.01320,
,,,9.900000000000,   0.01340,
,,,9.910000000000,   0.01340,
,,,9.920000000000,   0.01320,
,,,9.930000000000,   0.01400,
,,,9.940000000000,   0.01280,
,,,9.950000000000,   0.01340,
,,,9.960000000000,   0.01320,
,,,9.970000000000,   0.01340,
,,,9.980000000000,   0.01360,
,,,9.990000000000,   0.01400,
,,,10.000000000000,   0.01280,
,,,10.010000000000,   0.01380,
,,,10.020000000000,   0.01320,
,,,10.030000000000,   0.01300,
,,,10.040000000000,   0.01280,
,,,10.050000000000,   0.01380,
,,,10.060000000000,   0.01320,
,,,10.070000000000,   0.01300,
,,,10.080000000000,   0.01300,
,,,10.090000000000,   0.01260,
,,,10.100000000000,   0.01300,
,,,10.110000000000,   0.01340,
,,,10.120000000000,   0.01340,
,,,10.130000000000,   0.01360,
,,,10.140000000000,   0.01340,
,,,10.150000000000,   0.01340,
,,,10.160000000000,   0.01300,
,,,10.170000000000,   0.01340,
,,,10.180000000000,   0.01340,
,,,10.190000000000,   0.01360,
,,,10.200000000000,   0.01320,
,,,10.210000000000,   0.01380,
,,,10.220000000000,   0.01400,
,,,10.230000000000,   0.01320,
,,,10.240000000000,   0.01340,
,,,10.250000000000,   0.01280,
,,,10.260000000000,   0.01280,
,,,10.270000000000,   0.01340,
,,,10.280000000000,   0.01380,
,,,10.290000000000,   0.01400,
,,,10.300000000000,   0.01340,
,,,10.310000000000,   0.01340,
,,,10.320000000000,   0.01340,
,,,10.330000000000,   0.01300,
,,,10.340000000000,   0.01300,
,,,10.350000000000,   0.01300,
,,,10.360000000000,   0.01320,
,,,10.370000000000,   0.01300,
,,,10.380000000000,   0.01320,
,,,10.390000000000,   0.01320,
,,,10.400000000000,   0.01360,
,,,10.410000000000,   0.01300,
,,,10.420000000000,   0.01300,
,,,10.430000000000,   0.01280,
,,,10.440000000000,   0.01340,
,,,10.450000000000,   0.01340,
,,,10.460000000000,   0.01320,
,,,10.470000000000,   0.01300,
,,,10.480000000000,   0.01320,
,,,10.490000000000,   0.01340,
,,,10.500000000000,   0.01260,
,,,10.510000000000,   0.01320,
,,,10.520000000000,   0.01300,
,,,10.530000000000,   0.01280,
,,,10.540000000000,   0.01320,
,,,10.550000000000,   0.01300,
,,,10.560000000000,   0.01320,
,,,10.570000000000,   0.01340,
,,,10.580000000000,   0.01260,
,,,10.590000000000,   0.01320,
,,,10.600000000000,   0.01320,
,,,10.610000000000,   0.01300,
,,,10.620000000000,   0.01320,
,,,10.630000000000,   0.01320,
,,,10.640000000000,   0.01280,
,,,10.650000000000,   0.01320,
,,,10.660000000000,   0.01280,
,,,10.670000000000,   0.01280,
,,,10.680000000000,   0.01320,
,,,10.690000000000,   0.01300,
,,,10.700000000000,   0.01280,
,,,10.710000000000,   0.01320,
,,,10.720000000000,   0.01340,
,,,10.730000000000,   0.01320,
,,,10.740000000000,   0.01360,
,,,10.750000000000,   0.01320,
,,,10.760000000000,   0.01320,
,,,10.770000000000,   0.01340,
,,,10.780000000000,   0.01300,
,,,10.790000000000,   0.01320,
,,,10.800000000000,   0.01340,
,,,10.810000000000,   0.01260,
,,,10.820000000000,   0.01300,
,,,10.830000000000,   0.01320,
,,,10.840000000000,   0.01280,
,,,10.850000000000,   0.01320,
,,,10.860000000000,   0.01360,
,,,10.870000000000,   0.01240,
,,,10.880000000000,   0.01300,
,,,10.890000000000,   0.01260,
,,,10.900000000000,   0.01300,
,,,10.910000000000,   0.01280,
,,,10.920000000000,   0.01280,
,,,10.930000000000,   0.01340,
,,,10.940000000000,   0.01340,
,,,10.950000000000,   0.01280,
,,,10.960000000000,   0.01300,
,,,10.970000000000,   0.01300,
,,,10.980000000000,   0.01300,
,,,10.990000000000,   0.01300,
,,,11.000000000000,   0.01320,
,,,11.010000000000,   0.01300,
,,,11.020000000000,   0.01300,
,,,11.030000000000,   0.01300,
,,,11.040000000000,   0.01280,
,,,11.050000000000,   0.01300,
,,,11.060000000000,   0.01260,
,,,11.070000000000,   0.01280,
,,,11.080000000000,   0.01320,
,,,11.090000000000,   0.01260,
,,,11.100000000000,   0.01280,
,,,11.110000000000,   0.01300,
,,,11.120000000000,   0.01300,
,,,11.130000000000,   0.01280,
,,,11.140000000000,   0.01320,
,,,11.150000000000,   0.01320,
,,,11.160000000000,   0.01240,
,,,11.170000000000,   0.01300,
,,,11.180000000000,   0.01260,
,,,11.190000000000,   0.01320,
,,,11.200000000000,   0.01300,
,,,11.210000000000,   0.01340,
,,,11.220000000000,   0.01300,
,,,11.230000000000,   0.01360,
,,,11.240000000000,   0.01240,
,,,11.250000000000,   0.01340,
,,,11.260000000000,   0.01240,
,,,11.270000000000,   0.01300,
,,,11.280000000000,   0.01280,
,,,11.290000000000,   0.01240,
,,,11.300000000000,   0.01260,
,,,11.310000000000,   0.01320,
,,,11.320000000000,   0.01260,
,,,11.330000000000,   0.01260,
,,,11.340000000000,   0.01260,
,,,11.350000000000,   0.01260,
,,,11.360000000000,   0.01260,
,,,11.370000000000,   0.01300,
,,,11.380000000000,   0.01280,
,,,11.390000000000,   0.01340,
,,,11.400000000000,   0.01260,
,,,11.410000000000,   0.01300,
,,,11.420000000000,   0.01260,
,,,11.430000000000,   0.01260,
,,,11.440000000000,   0.01260,
,,,11.450000000000,   0.01280,
,,,11.460000000000,   0.01260,
,,,11.470000000000,   0.01320,
,,,11.480000000000,   0.01240,
,,,11.490000000000,   0.01280,
,,,11.500000000000,   0.01320,
,,,11.510000000000,   0.01300,
,,,11.520000000000,   0.01220,
,,,11.530000000000,   0.01320,
,,,11.540000000000,   0.01240,
,,,11.550000000000,   0.01240,
,,,11.560000000000,   0.01220,
,,,11.570000000000,   0.01280,
,,,11.580000000000,   0.01220,
,,,11.590000000000,   0.01300,
,,,11.600000000000,   0.01260,
,,,11.610000000000,   0.01340,
,,,11.620000000000,   0.01240,
,,,11.630000000000,   0.01320,
,,,11.640000000000,   0.01300,
,,,11.650000000000,   0.01240,
,,,11.660000000000,   0.01220,
,,,11.670000000000,   0.01320,
,,,11.680000000000,   0.01240,
,,,11.690000000000,   0.01240,
,,,11.700000000000,   0.01260,
,,,11.710000000000,   0.01320,
,,,11.720000000000,   0.01280,
,,,11.730000000000,   0.01300,
,,,11.740000000000,   0.01240,
,,,11.750000000000,   0.01280,
,,,11.760000000000,   0.01240,
,,,11.770000000000,   0.01300,
,,,11.780000000000,   0.01260,
,,,11.790000000000,   0.01280,
,,,11.800000000000,   0.01300,
,,,11.810000000000,   0.01280,
,,,11.820000000000,   0.01220,
,,,11.830000000000,   0.01320,
,,,11.840000000000,   0.01260,
,,,11.850000000000,   0.01220,
,,,11.860000000000,   0.01240,
,,,11.870000000000,   0.01260,
,,,11.880000000000,   0.01220,
,,,11.890000000000,   0.01320,
,,,11.900000000000,   0.01180,
,,,11.910000000000,   0.01300,
,,,11.920000000000,   0.01260,
,,,11.930000000000,   0.01280,
,,,11.940000000000,   0.01240,
,,,11.950000000000,   0.01240,
,,,11.960000000000,   0.01220,
,,,11.970000000000,   0.01220,
,,,11.980000000000,   0.01240,
,,,11.990000000000,   0.01320,
,,,12.000000000000,   0.01200,
,,,12.010000000000,   0.01300,
,,,12.020000000000,   0.01200,
,,,12.030000000000,   0.01320,
,,,12.040000000000,   0.01240,
,,,12.050000000000,   0.01240,
,,,12.060000000000,   0.01180,
,,,12.070000000000,   0.01220,
,,,12.080000000000,   0.01280,
,,,12.090000000000,   0.01280,
,,,12.100000000000,   0.01240,
,,,12.110000000000,   0.01280,
,,,12.120000000000,   0.01220,
,,,12.130000000000,   0.01240,
,,,12.140000000000,   0.01240,
,,,12.150000000000,   0.01260,
,,,12.160000000000,   0.01220,
,,,12.170000000000,   0.01280,
,,,12.180000000000,   0.01180,
,,,12.190000000000,   0.01200,
,,,12.200000000000,   0.01260,
,,,12.210000000000,   0.01220,
,,,12.220000000000,   0.01260,
,,,12.230000000000,   0.01240,
,,,12.240000000000,   0.01220,
,,,12.250000000000,   0.01180,
,,,12.260000000000,   0.01180,
,,,12.270000000000,   0.01120,
,,,12.280000000000,   0.01220,
,,,12.290000000000,   0.01240,
,,,12.300000000000,   0.01240,
,,,12.310000000000,   0.01220,
,,,12.320000000000,   0.01200,
,,,12.330000000000,   0.01220,
,,,12.340000000000,   0.01220,
,,,12.350000000000,   0.01220,
,,,12.360000000000,   0.01260,
,,,12.370000000000,   0.01220,
,,,12.380000000000,   0.01240,
,,,12.390000000000,   0.01240,
,,,12.400000000000,   0.01220,
,,,12.410000000000,   0.01260,
,,,12.420000000000,   0.01120,
,,,12.430000000000,   0.01220,
,,,12.440000000000,   0.01280,
,,,12.450000000000,   0.01200,
,,,12.460000000000,   0.01240,
,,,12.470000000000,   0.01200,
,,,12.480000000000,   0.01200,
,,,12.490000000000,   0.01240,
,,,12.500000000000,   0.01220,
,,,12.510000000000,   0.01240,
,,,12.520000000000,   0.01160,
,,,12.530000000000,   0.01240,
,,,12.540000000000,   0.01260,
,,,12.550000000000,   0.01260,
,,,12.560000000000,   0.01260,
,,,12.570000000000,   0.01260,
,,,12.580000000000,   0.01220,
,,,12.590000000000,   0.01260,
,,,12.600000000000,   0.01200,
,,,12.610000000000,   0.01240,
,,,12.620000000000,   0.01240,
,,,12.630000000000,   0.01200,
,,,12.640000000000,   0.01240,
,,,12.650000000000,   0.01240,
,,,12.660000000000,   0.01220,
,,,12.670000000000,   0.01260,
,,,12.680000000000,   0.01180,
,,,12.690000000000,   0.01260,
,,,12.700000000000,   0.01220,
,,,12.710000000000,   0.01280,
,,,12.720000000000,   0.01260,
,,,12.730000000000,   0.01320,
,,,12.740000000000,   0.01220,
,,,12.750000000000,   0.01220,
,,,12.760000000000,   0.01200,
,,,12.770000000000,   0.01260,
,,,12.780000000000,   0.01240,
,,,12.790000000000,   0.01160,
,,,12.800000000000,   0.01200,
,,,12.810000000000,   0.01280,
,,,12.820000000000,   0.01200,
,,,12.830000000000,   0.01240,
,,,12.840000000000,   0.01200,
,,,12.850000000000,   0.01220,
,,,12.860000000000,   0.01200,
,,,12.870000000000,   0.01280,
,,,12.880000000000,   0.01240,
,,,12.890000000000,   0.01200,
,,,12.900000000000,   0.01220,
,,,12.910000000000,   0.01220,
,,,12.920000000000,   0.01160,
,,,12.930000000000,   0.01300,
,,,12.940000000000,   0.01180,
,,,12.950000000000,   0.01240,
,,,12.960000000000,   0.01200,
,,,12.970000000000,   0.01240,
,,,12.980000000000,   0.01180,
,,,12.990000000000,   0.01240,
,,,13.000000000000,   0.01220,
,,,13.010000000000,   0.01220,
,,,13.020000000000,   0.01160,
,,,13.030000000000,   0.01240,
,,,13.040000000000,   0.01240,
,,,13.050000000000,   0.01200,
,,,13.060000000000,   0.01200,
,,,13.070000000000,   0.01220,
,,,13.080000000000,   0.01200,
,,,13.090000000000,   0.01200,
,,,13.100000000000,   0.01200,
,,,13.110000000000,   0.01240,
,,,13.120000000000,   0.01180,
,,,13.130000000000,   0.01300,
,,,13.140000000000,   0.01160,
,,,13.150000000000,   0.01240,
,,,13.160000000000,   0.01100,
,,,13.170000000000,   0.01160,
,,,13.180000000000,   0.01200,
,,,13.190000000000,   0.01240,
,,,13.200000000000,   0.01240,
,,,13.210000000000,   0.01280,
,,,13.220000000000,   0.01160,
,,,13.230000000000,   0.01300,
,,,13.240000000000,   0.01240,
,,,13.250000000000,   0.01180,
,,,13.260000000000,   0.01240,
,,,13.270000000000,   0.01300,
,,,13.280000000000,   0.01160,
,,,13.290000000000,   0.01240,
,,,13.300000000000,   0.01180,
,,,13.310000000000,   0.01160,
,,,13.320000000000,   0.01180,
,,,13.330000000000,   0.01200,
,,,13.340000000000,   0.01260,
,,,13.350000000000,   0.01240,
,,,13.360000000000,   0.01300,
,,,13.370000000000,   0.01180,
,,,13.380000000000,   0.01180,
,,,13.390000000000,   0.01260,
,,,13.400000000000,   0.01240,
,,,13.410000000000,   0.01220,
,,,13.420000000000,   0.01200,
,,,13.430000000000,   0.01240,
,,,13.440000000000,   0.01180,
,,,13.450000000000,   0.01240,
,,,13.460000000000,   0.01260,
,,,13.470000000000,   0.01200,
,,,13.480000000000,   0.01200,
,,,13.490000000000,   0.01220,
,,,13.500000000000,   0.01180,
,,,13.510000000000,   0.01240,
,,,13.520000000000,   0.01180,
,,,13.530000000000,   0.01260,
,,,13.540000000000,   0.01200,
,,,13.550000000000,   0.01300,
,,,13.560000000000,   0.01200,
,,,13.570000000000,   0.01200,
,,,13.580000000000,   0.01200,
,,,13.590000000000,   0.01240,
,,,13.600000000000,   0.01200,
,,,13.610000000000,   0.01260,
,,,13.620000000000,   0.01260,
,,,13.630000000000,   0.01240,
,,,13.640000000000,   0.01180,
,,,13.650000000000,   0.01200,
,,,13.660000000000,   0.01220,
,,,13.670000000000,   0.01280,
,,,13.680000000000,   0.01220,
,,,13.690000000000,   0.01240,
,,,13.700000000000,   0.01200,
,,,13.710000000000,   0.01220,
,,,13.720000000000,   0.01260,
,,,13.730000000000,   0.01300,
,,,13.740000000000,   0.01220,
,,,13.750000000000,   0.01240,
,,,13.760000000000,   0.01220,
,,,13.770000000000,   0.01260,
,,,13.780000000000,   0.01180,
,,,13.790000000000,   0.01300,
,,,13.800000000000,   0.01180,
,,,13.810000000000,   0.01240,
,,,13.820000000000,   0.01240,
,,,13.830000000000,   0.01240,
,,,13.840000000000,   0.01140,
,,,13.850000000000,   0.01220,
,,,13.860000000000,   0.01180,
,,,13.870000000000,   0.01240,
,,,13.880000000000,   0.01240,
,,,13.890000000000,   0.01200,
,,,13.900000000000,   0.01200,
,,,13.910000000000,   0.01240,
,,,13.920000000000,   0.01240,
,,,13.930000000000,   0.01200,
,,,13.940000000000,   0.01200,
,,,13.950000000000,   0.01300,
,,,13.960000000000,   0.01200,
,,,13.970000000000,   0.01240,
,,,13.980000000000,   0.01240,
,,,13.990000000000,   0.01260,
,,,14.000000000000,   0.01200,
,,,14.010000000000,   0.01240,
,,,14.020000000000,   0.01260,
,,,14.030000000000,   0.01220,
,,,14.040000000000,   0.01160,
,,,14.050000000000,   0.01240,
,,,14.060000000000,   0.01220,
,,,14.070000000000,   0.01260,
,,,14.080000000000,   0.01240,
,,,14.090000000000,   0.01240,
,,,14.100000000000,   0.01220,
,,,14.110000000000,   0.01240,
,,,14.120000000000,   0.01280,
,,,14.130000000000,   0.01280,
,,,14.140000000000,   0.01180,
,,,14.150000000000,   0.01240,
,,,14.160000000000,   0.01220,
,,,14.170000000000,   0.01240,
,,,14.180000000000,   0.01300,
,,,14.190000000000,   0.01240,
,,,14.200000000000,   0.01260,
,,,14.210000000000,   0.01260,
,,,14.220000000000,   0.01240,
,,,14.230000000000,   0.01260,
,,,14.240000000000,   0.01240,
,,,14.250000000000,   0.01320,
,,,14.260000000000,   0.01200,
,,,14.270000000000,   0.01240,
,,,14.280000000000,   0.01280,
,,,14.290000000000,   0.01300,
,,,14.300000000000,   0.01220,
,,,14.310000000000,   0.01300,
,,,14.320000000000,   0.01240,
,,,14.330000000000,   0.01220,
,,,14.340000000000,   0.01300,
,,,14.350000000000,   0.01260,
,,,14.360000000000,   0.01200,
,,,14.370000000000,   0.01280,
,,,14.380000000000,   0.01220,
,,,14.390000000000,   0.01240,
,,,14.400000000000,   0.01260,
,,,14.410000000000,   0.01360,
,,,14.420000000000,   0.01280,
,,,14.430000000000,   0.01300,
,,,14.440000000000,   0.01280,
,,,14.450000000000,   0.01220,
,,,14.460000000000,   0.01240,
,,,14.470000000000,   0.01260,
,,,14.480000000000,   0.01240,
,,,14.490000000000,   0.01200,
,,,14.500000000000,   0.01260,
,,,14.510000000000,   0.01280,
,,,14.520000000000,   0.01240,
,,,14.530000000000,   0.01260,
,,,14.540000000000,   0.01280,
,,,14.550000000000,   0.01260,
,,,14.560000000000,   0.01240,
,,,14.570000000000,   0.01240,
,,,14.580000000000,   0.01160,
,,,14.590000000000,   0.01240,
,,,14.600000000000,   0.01300,
,,,14.610000000000,   0.01260,
,,,14.620000000000,   0.01260,
,,,14.630000000000,   0.01280,
,,,14.640000000000,   0.01280,
,,,14.650000000000,   0.01280,
,,,14.660000000000,   0.01240,
,,,14.670000000000,   0.01260,
,,,14.680000000000,   0.01260,
,,,14.690000000000,   0.01240,
,,,14.700000000000,   0.01240,
,,,14.710000000000,   0.01240,
,,,14.720000000000,   0.01240,
,,,14.730000000000,   0.01320,
,,,14.740000000000,   0.01260,
,,,14.750000000000,   0.01260,
,,,14.760000000000,   0.01280,
,,,14.770000000000,   0.01240,
,,,14.780000000000,   0.01220,
,,,14.790000000000,   0.01300,
,,,14.800000000000,   0.01280,
,,,14.810000000000,   0.01300,
,,,14.820000000000,   0.01240,
,,,14.830000000000,   0.01300,
,,,14.840000000000,   0.01320,
,,,14.850000000000,   0.01260,
,,,14.860000000000,   0.01240,
,,,14.870000000000,   0.01360,
,,,14.880000000000,   0.01200,
,,,14.890000000000,   0.01340,
,,,14.900000000000,   0.01220,
,,,14.910000000000,   0.01300,
,,,14.920000000000,   0.01320,
,,,14.930000000000,   0.01260,
,,,14.940000000000,   0.01260,
,,,14.950000000000,   0.01260,
,,,14.960000000000,   0.01220,
,,,14.970000000000,   0.01320,
,,,14.980000000000,   0.01260,
,,,14.990000000000,   0.01320,
,,,15.000000000000,   0.01320,
,,,15.010000000000,   0.01380,
,,,15.020000000000,   0.01240,
,,,15.030000000000,   0.01260,
,,,15.040000000000,   0.01320,
,,,15.050000000000,   0.01340,
,,,15.060000000000,   0.01240,
,,,15.070000000000,   0.01340,
,,,15.080000000000,   0.01300,
,,,15.090000000000,   0.01380,
,,,15.100000000000,   0.01300,
,,,15.110000000000,   0.01300,
,,,15.120000000000,   0.01320,
,,,15.130000000000,   0.01340,
,,,15.140000000000,   0.01320,
,,,15.150000000000,   0.01320,
,,,15.160000000000,   0.01260,
,,,15.170000000000,   0.01300,
,,,15.180000000000,   0.01320,
,,,15.190000000000,   0.01280,
,,,15.200000000000,   0.01280,
,,,15.210000000000,   0.01360,
,,,15.220000000000,   0.01300,
,,,15.230000000000,   0.01320,
,,,15.240000000000,   0.01280,
,,,15.250000000000,   0.01300,
,,,15.260000000000,   0.01320,
,,,15.270000000000,   0.01280,
,,,15.280000000000,   0.01320,
,,,15.290000000000,   0.01360,
,,,15.300000000000,   0.01300,
,,,15.310000000000,   0.01320,
,,,15.320000000000,   0.01320,
,,,15.330000000000,   0.01400,
,,,15.340000000000,   0.01260,
,,,15.350000000000,   0.01340,
,,,15.360000000000,   0.01280,
,,,15.370000000000,   0.01340,
,,,15.380000000000,   0.01300,
,,,15.390000000000,   0.01340,
,,,15.400000000000,   0.01340,
,,,15.410000000000,   0.01320,
,,,15.420000000000,   0.01320,
,,,15.430000000000,   0.01320,
,,,15.440000000000,   0.01260,
,,,15.450000000000,   0.01380,
,,,15.460000000000,   0.01320,
,,,15.470000000000,   0.01340,
,,,15.480000000000,   0.01320,
,,,15.490000000000,   0.01360,
,,,15.500000000000,   0.01300,
,,,15.510000000000,   0.01360,
,,,15.520000000000,   0.01240,
,,,15.530000000000,   0.01380,
,,,15.540000000000,   0.01300,
,,,15.550000000000,   0.01400,
,,,15.560000000000,   0.01380,
,,,15.570000000000,   0.01380,
,,,15.580000000000,   0.01320,
,,,15.590000000000,   0.01420,
,,,15.600000000000,   0.01320,
,,,15.610000000000,   0.01400,
,,,15.620000000000,   0.01300,
,,,15.630000000000,   0.01400,
,,,15.640000000000,   0.01340,
,,,15.650000000000,   0.01400,
,,,15.660000000000,   0.01380,
,,,15.670000000000,   0.01320,
,,,15.680000000000,   0.01320,
,,,15.690000000000,   0.01380,
,,,15.700000000000,   0.01340,
,,,15.710000000000,   0.01360,
,,,15.720000000000,   0.01300,
,,,15.730000000000,   0.01340,
,,,15.740000000000,   0.01300,
,,,15.750000000000,   0.01340,
,,,15.760000000000,   0.01400,
,,,15.770000000000,   0.01380,
,,,15.780000000000,   0.01240,
,,,15.790000000000,   0.01380,
,,,15.800000000000,   0.01320,
,,,15.810000000000,   0.01340,
,,,15.820000000000,   0.01320,
,,,15.830000000000,   0.01400,
,,,15.840000000000,   0.01300,
,,,15.850000000000,   0.01380,
,,,15.860000000000,   0.01340,
,,,15.870000000000,   0.01420,
,,,15.880000000000,   0.01320,
,,,15.890000000000,   0.01360,
,,,15.900000000000,   0.01360,
,,,15.910000000000,   0.01340,
,,,15.920000000000,   0.01320,
,,,15.930000000000,   0.01360,
,,,15.940000000000,   0.01380,
,,,15.950000000000,   0.01400,
,,,15.960000000000,   0.01320,
,,,15.970000000000,   0.01380,
,,,15.980000000000,   0.01420,
,,,15.990000000000,   0.01360,
,,,16.000000000000,   0.01380,
,,,16.010000000000,   0.01400,
,,,16.020000000000,   0.01380,
,,,16.030000000000,   0.01400,
,,,16.040000000000,   0.01360,
,,,16.050000000000,   0.01340,
,,,16.060000000000,   0.01340,
,,,16.070000000000,   0.01400,
,,,16.080000000000,   0.01360,
,,,16.090000000000,   0.01420,
,,,16.100000000000,   0.01360,
,,,16.110000000000,   0.01400,
,,,16.120000000000,   0.01400,
,,,16.130000000000,   0.01380,
,,,16.140000000000,   0.01360,
,,,16.150000000000,   0.01420,
,,,16.160000000000,   0.01340,
,,,16.170000000000,   0.01440,
,,,16.180000000000,   0.01400,
,,,16.190000000000,   0.01460,
,,,16.200000000000,   0.01400,
,,,16.210000000000,   0.01420,
,,,16.220000000000,   0.01360,
,,,16.230000000000,   0.01440,
,,,16.240000000000,   0.01360,
,,,16.250000000000,   0.01380,
,,,16.260000000000,   0.01400,
,,,16.270000000000,   0.01340,
,,,16.280000000000,   0.01400,
,,,16.290000000000,   0.01400,
,,,16.300000000000,   0.01380,
,,,16.310000000000,   0.01400,
,,,16.320000000000,   0.01460,
,,,16.330000000000,   0.01440,
,,,16.340000000000,   0.01360,
,,,16.350000000000,   0.01400,
,,,16.360000000000,   0.01360,
,,,16.370000000000,   0.01360,
,,,16.380000000000,   0.01400,
,,,16.390000000000,   0.01400,
,,,16.400000000000,   0.01400,
,,,16.410000000000,   0.01400,
,,,16.420000000000,   0.01460,
,,,16.430000000000,   0.01420,
,,,16.440000000000,   0.01440,
,,,16.450000000000,   0.01440,
,,,16.460000000000,   0.01420,
,,,16.470000000000,   0.01400,
,,,16.480000000000,   0.01420,
,,,16.490000000000,   0.01380,
,,,16.500000000000,   0.01360,
,,,16.510000000000,   0.01460,
,,,16.520000000000,   0.01380,
,,,16.530000000000,   0.01460,
,,,16.540000000000,   0.01440,
,,,16.550000000000,   0.01500,
,,,16.560000000000,   0.01360,
,,,16.570000000000,   0.01440,
,,,16.580000000000,   0.01420,
,,,16.590000000000,   0.01440,
,,,16.600000000000,   0.01400,
,,,16.610000000000,   0.01420,
,,,16.620000000000,   0.01400,
,,,16.630000000000,   0.01460,
,,,16.640000000000,   0.01400,
,,,16.650000000000,   0.01460,
,,,16.660000000000,   0.01380,
,,,16.670000000000,   0.01480,
,,,16.680000000000,   0.01440,
,,,16.690000000000,   0.01460,
,,,16.700000000000,   0.01420,
,,,16.710000000000,   0.01400,
,,,16.720000000000,   0.01460,
,,,16.730000000000,   0.01460,
,,,16.740000000000,   0.01420,
,,,16.750000000000,   0.01460,
,,,16.760000000000,   0.01420,
,,,16.770000000000,   0.01480,
,,,16.780000000000,   0.01440,
,,,16.790000000000,   0.01480,
,,,16.800000000000,   0.01460,
,,,16.810000000000,   0.01480,
,,,16.820000000000,   0.01440,
,,,16.830000000000,   0.01480,
,,,16.840000000000,   0.01420,
,,,16.850000000000,   0.01500,
,,,16.860000000000,   0.01460,
,,,16.870000000000,   0.01460,
,,,16.880000000000,   0.01440,
,,,16.890000000000,   0.01500,
,,,16.900000000000,   0.01440,
,,,16.910000000000,   0.01480,
,,,16.920000000000,   0.01440,
,,,16.930000000000,   0.01520,
,,,16.940000000000,   0.01420,
,,,16.950000000000,   0.01460,
,,,16.960000000000,   0.01480,
,,,16.970000000000,   0.01520,
,,,16.980000000000,   0.01420,
,,,16.990000000000,   0.01500,
,,,17.000000000000,   0.01400,
,,,17.010000000000,   0.01480,
,,,17.020000000000,   0.01400,
,,,17.030000000000,   0.01480,
,,,17.040000000000,   0.01460,
,,,17.050000000000,   0.01520,
,,,17.060000000000,   0.01460,
,,,17.070000000000,   0.01500,
,,,17.080000000000,   0.01540,
,,,17.090000000000,   0.01520,
,,,17.100000000000,   0.01440,
,,,17.110000000000,   0.01500,
,,,17.120000000000,   0.01400,
,,,17.130000000000,   0.01540,
,,,17.140000000000,   0.01460,
,,,17.150000000000,   0.01560,
,,,17.160000000000,   0.01480,
,,,17.170000000000,   0.01540,
,,,17.180000000000,   0.01500,
,,,17.190000000000,   0.01520,
,,,17.200000000000,   0.01540,
,,,17.210000000000,   0.01560,
,,,17.220000000000,   0.01460,
,,,17.230000000000,   0.01480,
,,,17.240000000000,   0.01440,
,,,17.250000000000,   0.01540,
,,,17.260000000000,   0.01500,
,,,17.270000000000,   0.01540,
,,,17.280000000000,   0.01460,
,,,17.290000000000,   0.01500,
,,,17.300000000000,   0.01420,
,,,17.310000000000,   0.01460,
,,,17.320000000000,   0.01480,
,,,17.330000000000,   0.01560,
,,,17.340000000000,   0.01500,
,,,17.350000000000,   0.01520,
,,,17.360000000000,   0.01460,
,,,17.370000000000,   0.01540,
,,,17.380000000000,   0.01480,
,,,17.390000000000,   0.01500,
,,,17.400000000000,   0.01440,
,,,17.410000000000,   0.01520,
,,,17.420000000000,   0.01500,
,,,17.430000000000,   0.01520,
,,,17.440000000000,   0.01500,
,,,17.450000000000,   0.01580,
,,,17.460000000000,   0.01460,
,,,17.470000000000,   0.01560,
,,,17.480000000000,   0.01500,
,,,17.490000000000,   0.01560,
,,,17.500000000000,   0.01520,
,,,17.510000000000,   0.01540,
,,,17.520000000000,   0.01500,
,,,17.530000000000,   0.01500,
,,,17.540000000000,   0.01520,
,,,17.550000000000,   0.01540,
,,,17.560000000000,   0.01480,
,,,17.570000000000,   0.01560,
,,,17.580000000000,   0.01520,
,,,17.590000000000,   0.01580,
,,,17.600000000000,   0.01560,
,,,17.610000000000,   0.01500,
,,,17.620000000000,   0.01500,
,,,17.630000000000,   0.01580,
,,,17.640000000000,   0.01500,
,,,17.650000000000,   0.01580,
,,,17.660000000000,   0.01480,
,,,17.670000000000,   0.01520,
,,,17.680000000000,   0.01500,
,,,17.690000000000,   0.01580,
,,,17.700000000000,   0.01500,
,,,17.710000000000,   0.01560,
,,,17.720000000000,   0.01560,
,,,17.730000000000,   0.01520,
,,,17.740000000000,   0.01500,
,,,17.750000000000,   0.01520,
,,,17.760000000000,   0.01500,
,,,17.770000000000,   0.01500,
,,,17.780000000000,   0.01560,
,,,17.790000000000,   0.01560,
,,,17.800000000000,   0.01500,
,,,17.810000000000,   0.01560,
,,,17.820000000000,   0.01540,
,,,17.830000000000,   0.01540,
,,,17.840000000000,   0.01560,
,,,17.850000000000,   0.01580,
,,,17.860000000000,   0.01520,
,,,17.870000000000,   0.01600,
,,,17.880000000000,   0.01560,
,,,17.890000000000,   0.01560,
,,,17.900000000000,   0.01480,
,,,17.910000000000,   0.01540,
,,,17.920000000000,   0.01500,
,,,17.930000000000,   0.01580,
,,,17.940000000000,   0.01500,
,,,17.950000000000,   0.01540,
,,,17.960000000000,   0.01560,
,,,17.970000000000,   0.01600,
,,,17.980000000000,   0.01560,
,,,17.990000000000,   0.01540,
,,,18.000000000000,   0.01480,
,,,18.010000000000,   0.01580,
,,,18.020000000000,   0.01580,
,,,18.030000000000,   0.01520,
,,,18.040000000000,   0.01560,
,,,18.050000000000,   0.01560,
,,,18.060000000000,   0.01520,
,,,18.070000000000,   0.01580,
,,,18.080000000000,   0.01580,
,,,18.090000000000,   0.01600,
,,,18.100000000000,   0.01560,
,,,18.110000000000,   0.01620,
,,,18.120000000000,   0.01560,
,,,18.130000000000,   0.01660,
,,,18.140000000000,   0.01540,
,,,18.150000000000,   0.01600,
,,,18.160000000000,   0.01560,
,,,18.170000000000,   0.01600,
,,,18.180000000000,   0.01500,
,,,18.190000000000,   0.01620,
,,,18.200000000000,   0.01580,
,,,18.210000000000,   0.01560,
,,,18.220000000000,   0.01540,
,,,18.230000000000,   0.01600,
,,,18.240000000000,   0.01580,
,,,18.250000000000,   0.01520,
,,,18.260000000000,   0.01500,
,,,18.270000000000,   0.01600,
,,,18.280000000000,   0.01540,
,,,18.290000000000,   0.01600,
,,,18.300000000000,   0.01540,
,,,18.310000000000,   0.01580,
,,,18.320000000000,   0.01500,
,,,18.330000000000,   0.01600,
,,,18.340000000000,   0.01580,
,,,18.350000000000,   0.01560,
,,,18.360000000000,   0.01540,
,,,18.370000000000,   0.01600,
,,,18.380000000000,   0.01560,
,,,18.390000000000,   0.01600,
,,,18.400000000000,   0.01560,
,,,18.410000000000,   0.01620,
,,,18.420000000000,   0.01540,
,,,18.430000000000,   0.01560,
,,,18.440000000000,   0.01520,
,,,18.450000000000,   0.01580,
,,,18.460000000000,   0.01520,
,,,18.470000000000,   0.01640,
,,,18.480000000000,   0.01500,
,,,18.490000000000,   0.01600,
,,,18.500000000000,   0.01520,
,,,18.510000000000,   0.01520,
,,,18.520000000000,   0.01540,
,,,18.530000000000,   0.01620,
,,,18.540000000000,   0.01520,
,,,18.550000000000,   0.01640,
,,,18.560000000000,   0.01500,
,,,18.570000000000,   0.01580,
,,,18.580000000000,   0.01540,
,,,18.590000000000,   0.01600,
,,,18.600000000000,   0.01580,
,,,18.610000000000,   0.01540,
,,,18.620000000000,   0.01560,
,,,18.630000000000,   0.01680,
,,,18.640000000000,   0.01560,
,,,18.650000000000,   0.01620,
,,,18.660000000000,   0.01620,
,,,18.670000000000,   0.01580,
,,,18.680000000000,   0.01560,
,,,18.690000000000,   0.01600,
,,,18.700000000000,   0.01540,
,,,18.710000000000,   0.01560,
,,,18.720000000000,   0.01560,
,,,18.730000000000,   0.01540,
,,,18.740000000000,   0.01500,
,,,18.750000000000,   0.01520,
,,,18.760000000000,   0.01540,
,,,18.770000000000,   0.01620,
,,,18.780000000000,   0.01520,
,,,18.790000000000,   0.01580,
,,,18.800000000000,   0.01520,
,,,18.810000000000,   0.01600,
,,,18.820000000000,   0.01560,
,,,18.830000000000,   0.01600,
,,,18.840000000000,   0.01560,
,,,18.850000000000,   0.01580,
,,,18.860000000000,   0.01540,
,,,18.870000000000,   0.01580,
,,,18.880000000000,   0.01540,
,,,18.890000000000,   0.01660,
,,,18.900000000000,   0.01580,
,,,18.910000000000,   0.01580,
,,,18.920000000000,   0.01580,
,,,18.930000000000,   0.01560,
,,,18.940000000000,   0.01560,
,,,18.950000000000,   0.01660,
,,,18.960000000000,   0.01600,
,,,18.970000000000,   0.01620,
,,,18.980000000000,   0.01560,
,,,18.990000000000,   0.01580,
,,,19.000000000000,   0.01500,
,,,19.010000000000,   0.01580,
,,,19.020000000000,   0.01600,
,,,19.030000000000,   0.01560,
,,,19.040000000000,   0.01580,
,,,19.050000000000,   0.01560,
,,,19.060000000000,   0.01540,
,,,19.070000000000,   0.01540,
,,,19.080000000000,   0.01600,
,,,19.090000000000,   0.01580,
,,,19.100000000000,   0.01560,
,,,19.110000000000,   0.01580,
,,,19.120000000000,   0.01560,
,,,19.130000000000,   0.01560,
,,,19.140000000000,   0.01600,
,,,19.150000000000,   0.01580,
,,,19.160000000000,   0.01560,
,,,19.170000000000,   0.01620,
,,,19.180000000000,   0.01520,
,,,19.190000000000,   0.01540,
,,,19.200000000000,   0.01560,
,,,19.210000000000,   0.01560,
,,,19.220000000000,   0.01580,
,,,19.230000000000,   0.01640,
,,,19.240000000000,   0.01560,
,,,19.250000000000,   0.01620,
,,,19.260000000000,   0.01620,
,,,19.270000000000,   0.01540,
,,,19.280000000000,   0.01620,
,,,19.290000000000,   0.01600,
,,,19.300000000000,   0.01580,
,,,19.310000000000,   0.01600,
,,,19.320000000000,   0.01520,
,,,19.330000000000,   0.01560,
,,,19.340000000000,   0.01540,
,,,19.350000000000,   0.01580,
,,,19.360000000000,   0.01560,
,,,19.370000000000,   0.01600,
,,,19.380000000000,   0.01560,
,,,19.390000000000,   0.01600,
,,,19.400000000000,   0.01600,
,,,19.410000000000,   0.01580,
,,,19.420000000000,   0.01520,
,,,19.430000000000,   0.01620,
,,,19.440000000000,   0.01620,
,,,19.450000000000,   0.01680,
,,,19.460000000000,   0.01620,
,,,19.470000000000,   0.01580,
,,,19.480000000000,   0.01580,
,,,19.490000000000,   0.01580,
,,,19.500000000000,   0.01600,
,,,19.510000000000,   0.01560,
,,,19.520000000000,   0.01620,
,,,19.530000000000,   0.01620,
,,,19.540000000000,   0.01580,
,,,19.550000000000,   0.01600,
,,,19.560000000000,   0.01520,
,,,19.570000000000,   0.01520,
,,,19.580000000000,   0.01620,
,,,19.590000000000,   0.01520,
,,,19.600000000000,   0.01560,
,,,19.610000000000,   0.01580,
,,,19.620000000000,   0.01540,
,,,19.630000000000,   0.01620,
,,,19.640000000000,   0.01600,
,,,19.650000000000,   0.01560,
,,,19.660000000000,   0.01580,
,,,19.670000000000,   0.01600,
,,,19.680000000000,   0.01620,
,,,19.690000000000,   0.01540,
,,,19.700000000000,   0.01540,
,,,19.710000000000,   0.01600,
,,,19.720000000000,   0.01580,
,,,19.730000000000,   0.01580,
,,,19.740000000000,   0.01560,
,,,19.750000000000,   0.01580,
,,,19.760000000000,   0.01580,
,,,19.770000000000,   0.01560,
,,,19.780000000000,   0.01500,
,,,19.790000000000,   0.01560,
,,,19.800000000000,   0.01660,
,,,19.810000000000,   0.01600,
,,,19.820000000000,   0.01580,
,,,19.830000000000,   0.01600,
,,,19.840000000000,   0.01560,
,,,19.850000000000,   0.01580,
,,,19.860000000000,   0.01520,
,,,19.870000000000,   0.01620,
,,,19.880000000000,   0.01560,
,,,19.890000000000,   0.01560,
,,,19.900000000000,   0.01580,
,,,19.910000000000,   0.01600,
,,,19.920000000000,   0.01580,
,,,19.930000000000,   0.01600,
,,,19.940000000000,   0.01560,
,,,19.950000000000,   0.01580,
,,,19.960000000000,   0.01620,
,,,19.970000000000,   0.01600,
,,,19.980000000000,   0.01620,
,,,19.990000000000,   0.01600,
,,,20.000000000000,   0.01580,
,,,20.010000000000,   0.01600,
,,,20.020000000000,   0.01600,
,,,20.030000000000,   0.01600,
,,,20.040000000000,   0.01540,
,,,20.050000000000,   0.01600,
,,,20.060000000000,   0.01580,
,,,20.070000000000,   0.01600,
,,,20.080000000000,   0.01560,
,,,20.090000000000,   0.01600,
,,,20.100000000000,   0.01620,
,,,20.110000000000,   0.01580,
,,,20.120000000000,   0.01600,
,,,20.130000000000,   0.01580,
,,,20.140000000000,   0.01580,
,,,20.150000000000,   0.01620,
,,,20.160000000000,   0.01640,
,,,20.170000000000,   0.01580,
,,,20.180000000000,   0.01560,
,,,20.190000000000,   0.01620,
,,,20.200000000000,   0.01600,
,,,20.210000000000,   0.01620,
,,,20.220000000000,   0.01640,
,,,20.230000000000,   0.01560,
,,,20.240000000000,   0.01640,
,,,20.250000000000,   0.01600,
,,,20.260000000000,   0.01620,
,,,20.270000000000,   0.01620,
,,,20.280000000000,   0.01620,
,,,20.290000000000,   0.01660,
,,,20.300000000000,   0.01600,
,,,20.310000000000,   0.01640,
,,,20.320000000000,   0.01580,
,,,20.330000000000,   0.01680,
,,,20.340000000000,   0.01600,
,,,20.350000000000,   0.01600,
,,,20.360000000000,   0.01500,
,,,20.370000000000,   0.01580,
,,,20.380000000000,   0.01620,
,,,20.390000000000,   0.01580,
,,,20.400000000000,   0.01540,
,,,20.410000000000,   0.01600,
,,,20.420000000000,   0.01700,
,,,20.430000000000,   0.01580,
,,,20.440000000000,   0.01640,
,,,20.450000000000,   0.01600,
,,,20.460000000000,   0.01640,
,,,20.470000000000,   0.01660,
,,,20.480000000000,   0.01580,
,,,20.490000000000,   0.01660,
,,,20.500000000000,   0.01580,
,,,20.510000000000,   0.01600,
,,,20.520000000000,   0.01640,
,,,20.530000000000,   0.01620,
,,,20.540000000000,   0.01640,
,,,20.550000000000,   0.01680,
,,,20.560000000000,   0.01600,
,,,20.570000000000,   0.01640,
,,,20.580000000000,   0.01580,
,,,20.590000000000,   0.01680,
,,,20.600000000000,   0.01580,
,,,20.610000000000,   0.01640,
,,,20.620000000000,   0.01620,
,,,20.630000000000,   0.01600,
,,,20.640000000000,   0.01640,
,,,20.650000000000,   0.01620,
,,,20.660000000000,   0.01640,
,,,20.670000000000,   0.01640,
,,,20.680000000000,   0.01680,
,,,20.690000000000,   0.01640,
,,,20.700000000000,   0.01620,
,,,20.710000000000,   0.01620,
,,,20.720000000000,   0.01620,
,,,20.730000000000,   0.01580,
,,,20.740000000000,   0.01580,
,,,20.750000000000,   0.01680,
,,,20.760000000000,   0.01620,
,,,20.770000000000,   0.01660,
,,,20.780000000000,   0.01620,
,,,20.790000000000,   0.01660,
,,,20.800000000000,   0.01600,
,,,20.810000000000,   0.01680,
,,,20.820000000000,   0.01640,
,,,20.830000000000,   0.01680,
,,,20.840000000000,   0.01620,
,,,20.850000000000,   0.01640,
,,,20.860000000000,   0.01640,
,,,20.870000000000,   0.01600,
,,,20.880000000000,   0.01560,
,,,20.890000000000,   0.01680,
,,,20.900000000000,   0.01620,
,,,20.910000000000,   0.01640,
,,,20.920000000000,   0.01640,
,,,20.930000000000,   0.01700,
,,,20.940000000000,   0.01620,
,,,20.950000000000,   0.01660,
,,,20.960000000000,   0.01660,
,,,20.970000000000,   0.01580,
,,,20.980000000000,   0.01620,
,,,20.990000000000,   0.01620,
,,,21.000000000000,   0.01640,
,,,21.010000000000,   0.01640,
,,,21.020000000000,   0.01700,
,,,21.030000000000,   0.01620,
,,,21.040000000000,   0.01660,
,,,21.050000000000,   0.01620,
,,,21.060000000000,   0.01680,
,,,21.070000000000,   0.01640,
,,,21.080000000000,   0.01640,
,,,21.090000000000,   0.01640,
,,,21.100000000000,   0.01700,
,,,21.110000000000,   0.01600,
,,,21.120000000000,   0.01640,
,,,21.130000000000,   0.01660,
,,,21.140000000000,   0.01620,
,,,21.150000000000,   0.01620,
,,,21.160000000000,   0.01600,
,,,21.170000000000,   0.01640,
,,,21.180000000000,   0.01620,
,,,21.190000000000,   0.01660,
,,,21.200000000000,   0.01620,
,,,21.210000000000,   0.01580,
,,,21.220000000000,   0.01620,
,,,21.230000000000,   0.01680,
,,,21.240000000000,   0.01580,
,,,21.250000000000,   0.01660,
,,,21.260000000000,   0.01620,
,,,21.270000000000,   0.01660,
,,,21.280000000000,   0.01600,
,,,21.290000000000,   0.01640,
,,,21.300000000000,   0.01600,
,,,21.310000000000,   0.01640,
,,,21.320000000000,   0.01620,
,,,21.330000000000,   0.01660,
,,,21.340000000000,   0.01680,
,,,21.350000000000,   0.01680,
,,,21.360000000000,   0.01720,
,,,21.370000000000,   0.01680,
,,,21.380000000000,   0.01680,
,,,21.390000000000,   0.01620,
,,,21.400000000000,   0.01660,
,,,21.410000000000,   0.01640,
,,,21.420000000000,   0.01620,
,,,21.430000000000,   0.01640,
,,,21.440000000000,   0.01620,
,,,21.450000000000,   0.01680,
,,,21.460000000000,   0.01680,
,,,21.470000000000,   0.01680,
,,,21.480000000000,   0.01600,
,,,21.490000000000,   0.01640,
,,,21.500000000000,   0.01640,
,,,21.510000000000,   0.01680,
,,,21.520000000000,   0.01620,
,,,21.530000000000,   0.01660,
,,,21.540000000000,   0.01620,
,,,21.550000000000,   0.01660,
,,,21.560000000000,   0.01720,
,,,21.570000000000,   0.01680,
,,,21.580000000000,   0.01600,
,,,21.590000000000,   0.01680,
,,,21.600000000000,   0.01620,
,,,21.610000000000,   0.01680,
,,,21.620000000000,   0.01720,
,,,21.630000000000,   0.01620,
,,,21.640000000000,   0.01660,
,,,21.650000000000,   0.01680,
,,,21.660000000000,   0.01660,
,,,21.670000000000,   0.01600,
,,,21.680000000000,   0.01640,
,,,21.690000000000,   0.01640,
,,,21.700000000000,   0.01620,
,,,21.710000000000,   0.01660,
,,,21.720000000000,   0.01600,
,,,21.730000000000,   0.01660,
,,,21.740000000000,   0.01600,
,,,21.750000000000,   0.01560,
,,,21.760000000000,   0.01600,
,,,21.770000000000,   0.01640,
,,,21.780000000000,   0.01680,
,,,21.790000000000,   0.01660,
,,,21.800000000000,   0.01680,
,,,21.810000000000,   0.01680,
,,,21.820000000000,   0.01680,
,,,21.830000000000,   0.01680,
,,,21.840000000000,   0.01620,
,,,21.850000000000,   0.01700,
,,,21.860000000000,   0.01620,
,,,21.870000000000,   0.01620,
,,,21.880000000000,   0.01700,
,,,21.890000000000,   0.01640,
,,,21.900000000000,   0.01640,
,,,21.910000000000,   0.01620,
,,,21.920000000000,   0.01700,
,,,21.930000000000,   0.01660,
,,,21.940000000000,   0.01620,
,,,21.950000000000,   0.01700,
,,,21.960000000000,   0.01660,
,,,21.970000000000,   0.01620,
,,,21.980000000000,   0.01660,
,,,21.990000000000,   0.01620,
,,,22.000000000000,   0.01620,
,,,22.010000000000,   0.01620,
,,,22.020000000000,   0.01660,
,,,22.030000000000,   0.01660,
,,,22.040000000000,   0.01640,
,,,22.050000000000,   0.01620,
,,,22.060000000000,   0.01640,
,,,22.070000000000,   0.01660,
,,,22.080000000000,   0.01640,
,,,22.090000000000,   0.01660,
,,,22.100000000000,   0.01680,
,,,22.110000000000,   0.01660,
,,,22.120000000000,   0.01680,
,,,22.130000000000,   0.01680,
,,,22.140000000000,   0.01660,
,,,22.150000000000,   0.01700,
,,,22.160000000000,   0.01580,
,,,22.170000000000,   0.01660,
,,,22.180000000000,   0.01680,
,,,22.190000000000,   0.01680,
,,,22.200000000000,   0.01640,
,,,22.210000000000,   0.01660,
,,,22.220000000000,   0.01640,
,,,22.230000000000,   0.01700,
,,,22.240000000000,   0.01680,
,,,22.250000000000,   0.01620,
,,,22.260000000000,   0.01660,
,,,22.270000000000,   0.01700,
,,,22.280000000000,   0.01640,
,,,22.290000000000,   0.01680,
,,,22.300000000000,   0.01660,
,,,22.310000000000,   0.01680,
,,,22.320000000000,   0.01600,
,,,22.330000000000,   0.01620,
,,,22.340000000000,   0.01660,
,,,22.350000000000,   0.01660,
,,,22.360000000000,   0.01640,
,,,22.370000000000,   0.01700,
,,,22.380000000000,   0.01580,
,,,22.390000000000,   0.01680,
,,,22.400000000000,   0.01600,
,,,22.410000000000,   0.01660,
,,,22.420000000000,   0.01700,
,,,22.430000000000,   0.01680,
,,,22.440000000000,   0.01700,
,,,22.450000000000,   0.01680,
,,,22.460000000000,   0.01680,
,,,22.470000000000,   0.01680,
,,,22.480000000000,   0.01620,
,,,22.490000000000,   0.01660,
,,,22.500000000000,   0.01660,
,,,22.510000000000,   0.01680,
,,,22.520000000000,   0.01640,
,,,22.530000000000,   0.01640,
,,,22.540000000000,   0.01680,
,,,22.550000000000,   0.01680,
,,,22.560000000000,   0.01640,
,,,22.570000000000,   0.01640,
,,,22.580000000000,   0.01680,
,,,22.590000000000,   0.01660,
,,,22.600000000000,   0.01640,
,,,22.610000000000,   0.01640,
,,,22.620000000000,   0.01640,
,,,22.630000000000,   0.01680,
,,,22.640000000000,   0.01620,
,,,22.650000000000,   0.01660,
,,,22.660000000000,   0.01620,
,,,22.670000000000,   0.01700,
,,,22.680000000000,   0.01700,
,,,22.690000000000,   0.01660,
,,,22.700000000000,   0.01680,
,,,22.710000000000,   0.01640,
,,,22.720000000000,   0.01700,
,,,22.730000000000,   0.01640,
,,,22.740000000000,   0.01640,
,,,22.750000000000,   0.01620,
,,,22.760000000000,   0.01680,
,,,22.770000000000,   0.01640,
,,,22.780000000000,   0.01620,
,,,22.790000000000,   0.01680,
,,,22.800000000000,   0.01620,
,,,22.810000000000,   0.01660,
,,,22.820000000000,   0.01660,
,,,22.830000000000,   0.01680,
,,,22.840000000000,   0.01620,
,,,22.850000000000,   0.01640,
,,,22.860000000000,   0.01680,
,,,22.870000000000,   0.01680,
,,,22.880000000000,   0.01620,
,,,22.890000000000,   0.01620,
,,,22.900000000000,   0.01660,
,,,22.910000000000,   0.01640,
,,,22.920000000000,   0.01640,
,,,22.930000000000,   0.01620,
,,,22.940000000000,   0.01620,
,,,22.950000000000,   0.01660,
,,,22.960000000000,   0.01600,
,,,22.970000000000,   0.01700,
,,,22.980000000000,   0.01640,
,,,22.990000000000,   0.01620,
,,,23.000000000000,   0.01660,
,,,23.010000000000,   0.01620,
,,,23.020000000000,   0.01600,
,,,23.030000000000,   0.01660,
,,,23.040000000000,   0.01680,
,,,23.050000000000,   0.01620,
,,,23.060000000000,   0.01660,
,,,23.070000000000,   0.01640,
,,,23.080000000000,   0.01680,
,,,23.090000000000,   0.01660,
,,,23.100000000000,   0.01620,
,,,23.110000000000,   0.01660,
,,,23.120000000000,   0.01620,
,,,23.130000000000,   0.01620,
,,,23.140000000000,   0.01620,
,,,23.150000000000,   0.01640,
,,,23.160000000000,   0.01660,
,,,23.170000000000,   0.01600,
,,,23.180000000000,   0.01640,
,,,23.190000000000,   0.01640,
,,,23.200000000000,   0.01660,
,,,23.210000000000,   0.01620,
,,,23.220000000000,   0.01660,
,,,23.230000000000,   0.01620,
,,,23.240000000000,   0.01640,
,,,23.250000000000,   0.01620,
,,,23.260000000000,   0.01580,
,,,23.270000000000,   0.01600,
,,,23.280000000000,   0.01660,
,,,23.290000000000,   0.01700,
,,,23.300000000000,   0.01600,
,,,23.310000000000,   0.01640,
,,,23.320000000000,   0.01620,
,,,23.330000000000,   0.01660,
,,,23.340000000000,   0.01640,
,,,23.350000000000,   0.01620,
,,,23.360000000000,   0.01640,
,,,23.370000000000,   0.01660,
,,,23.380000000000,   0.01620,
,,,23.390000000000,   0.01620,
,,,23.400000000000,   0.01620,
,,,23.410000000000,   0.01580,
,,,23.420000000000,   0.01680,
,,,23.430000000000,   0.01620,
,,,23.440000000000,   0.01680,
,,,23.450000000000,   0.01660,
,,,23.460000000000,   0.01560,
,,,23.470000000000,   0.01600,
,,,23.480000000000,   0.01680,
,,,23.490000000000,   0.01620,
,,,23.500000000000,   0.01580,
,,,23.510000000000,   0.01620,
,,,23.520000000000,   0.01640,
,,,23.530000000000,   0.01640,
,,,23.540000000000,   0.01660,
,,,23.550000000000,   0.01620,
,,,23.560000000000,   0.01620,
,,,23.570000000000,   0.01660,
,,,23.580000000000,   0.01560,
,,,23.590000000000,   0.01620,
,,,23.600000000000,   0.01620,
,,,23.610000000000,   0.01600,
,,,23.620000000000,   0.01660,
,,,23.630000000000,   0.01600,
,,,23.640000000000,   0.01580,
,,,23.650000000000,   0.01620,
,,,23.660000000000,   0.01600,
,,,23.670000000000,   0.01620,
,,,23.680000000000,   0.01620,
,,,23.690000000000,   0.01560,
,,,23.700000000000,   0.01640,
,,,23.710000000000,   0.01600,
,,,23.720000000000,   0.01620,
,,,23.730000000000,   0.01620,
,,,23.740000000000,   0.01620,
,,,23.750000000000,   0.01620,
,,,23.760000000000,   0.01580,
,,,23.770000000000,   0.01620,
,,,23.780000000000,   0.01600,
,,,23.790000000000,   0.01640,
,,,23.800000000000,   0.01640,
,,,23.810000000000,   0.01620,
,,,23.820000000000,   0.01620,
,,,23.830000000000,   0.01660,
,,,23.840000000000,   0.01620,
,,,23.850000000000,   0.01560,
,,,23.860000000000,   0.01560,
,,,23.870000000000,   0.01580,
,,,23.880000000000,   0.01620,
,,,23.890000000000,   0.01600,
,,,23.900000000000,   0.01580,
,,,23.910000000000,   0.01620,
,,,23.920000000000,   0.01580,
,,,23.930000000000,   0.01620,
,,,23.940000000000,   0.01600,
,,,23.950000000000,   0.01620,
,,,23.960000000000,   0.01580,
,,,23.970000000000,   0.01620,
,,,23.980000000000,   0.01640,
,,,23.990000000000,   0.01620,
,,,24.000000000000,   0.01580,
,,,24.010000000000,   0.01620,
,,,24.020000000000,   0.01600,
,,,24.030000000000,   0.01600,
,,,24.040000000000,   0.01560,
,,,24.050000000000,   0.01620,
,,,24.060000000000,   0.01540,
,,,24.070000000000,   0.01600,
,,,24.080000000000,   0.01580,
,,,24.090000000000,   0.01580,
,,,24.100000000000,   0.01580,
,,,24.110000000000,   0.01620,
,,,24.120000000000,   0.01560,
,,,24.130000000000,   0.01560,
,,,24.140000000000,   0.01600,
,,,24.150000000000,   0.01580,
,,,24.160000000000,   0.01560,
,,,24.170000000000,   0.01600,
,,,24.180000000000,   0.01620,
,,,24.190000000000,   0.01580,
,,,24.200000000000,   0.01560,
,,,24.210000000000,   0.01600,
,,,24.220000000000,   0.01560,
,,,24.230000000000,   0.01580,
,,,24.240000000000,   0.01540,
,,,24.250000000000,   0.01580,
,,,24.260000000000,   0.01600,
,,,24.270000000000,   0.01560,
,,,24.280000000000,   0.01520,
,,,24.290000000000,   0.01540,
,,,24.300000000000,   0.01580,
,,,24.310000000000,   0.01560,
,,,24.320000000000,   0.01580,
,,,24.330000000000,   0.01540,
,,,24.340000000000,   0.01560,
,,,24.350000000000,   0.01580,
,,,24.360000000000,   0.01580,
,,,24.370000000000,   0.01560,
,,,24.380000000000,   0.01540,
,,,24.390000000000,   0.01560,
,,,24.400000000000,   0.01580,
,,,24.410000000000,   0.01580,
,,,24.420000000000,   0.01540,
,,,24.430000000000,   0.01560,
,,,24.440000000000,   0.01580,
,,,24.450000000000,   0.01560,
,,,24.460000000000,   0.01540,
,,,24.470000000000,   0.01540,
,,,24.480000000000,   0.01560,
,,,24.490000000000,   0.01500,
,,,24.500000000000,   0.01560,
,,,24.510000000000,   0.01620,
,,,24.520000000000,   0.01560,
,,,24.530000000000,   0.01540,
,,,24.540000000000,   0.01580,
,,,24.550000000000,   0.01500,
,,,24.560000000000,   0.01580,
,,,24.570000000000,   0.01440,
,,,24.580000000000,   0.01520,
,,,24.590000000000,   0.01520,
,,,24.600000000000,   0.01580,
,,,24.610000000000,   0.01540,
,,,24.620000000000,   0.01540,
,,,24.630000000000,   0.01520,
,,,24.640000000000,   0.01520,
,,,24.650000000000,   0.01580,
,,,24.660000000000,   0.01520,
,,,24.670000000000,   0.01500,
,,,24.680000000000,   0.01540,
,,,24.690000000000,   0.01560,
,,,24.700000000000,   0.01580,
,,,24.710000000000,   0.01500,
,,,24.720000000000,   0.01520,
,,,24.730000000000,   0.01580,
,,,24.740000000000,   0.01520,
,,,24.750000000000,   0.01500,
,,,24.760000000000,   0.01500,
,,,24.770000000000,   0.01520,
,,,24.780000000000,   0.01500,
,,,24.790000000000,   0.01560,
,,,24.800000000000,   0.01500,
,,,24.810000000000,   0.01500,
,,,24.820000000000,   0.01500,
,,,24.830000000000,   0.01480,
,,,24.840000000000,   0.01500,
,,,24.850000000000,   0.01580,
,,,24.860000000000,   0.01500,
,,,24.870000000000,   0.01540,
,,,24.880000000000,   0.01540,
,,,24.890000000000,   0.01520,
,,,24.900000000000,   0.01520,
,,,24.910000000000,   0.01520,
,,,24.920000000000,   0.01540,
,,,24.930000000000,   0.01500,
,,,24.940000000000,   0.01520,
,,,24.950000000000,   0.01540,
,,,24.960000000000,   0.01520,
,,,24.970000000000,   0.01520,
,,,24.980000000000,   0.01540,
,,,24.990000000000,   0.01520,
